country,year,banking_crisis,currency_crisis,debt_crisis,twin_crisis,triple_crisis,all_crises,crisis_intensity_score
Argentina,1950,0,0,0,0,0,0,0.0
Argentina,1951,0,0,0,0,0,0,0.0
Argentina,1952,0,0,0,0,0,0,0.0
Argentina,1953,0,0,0,0,0,0,0.0
Argentina,1954,0,0,0,0,0,0,0.0
Argentina,1955,0,1,0,0,0,1,28.0
Argentina,1956,0,0,0,0,0,0,0.0
Argentina,1957,0,0,0,0,0,0,0.0
Argentina,1958,0,1,0,0,0,1,28.0
Argentina,1959,0,0,0,0,0,0,0.0
Argentina,1960,0,0,0,0,0,0,0.0
Argentina,1961,0,0,0,0,0,0,0.0
Argentina,1962,0,1,0,0,0,1,28.0
Argentina,1963,0,0,0,0,0,0,0.0
Argentina,1964,0,0,0,0,0,0,0.0
Argentina,1965,0,0,0,0,0,0,0.0
Argentina,1966,0,0,0,0,0,0,0.0
Argentina,1967,0,1,0,0,0,1,28.0
Argentina,1968,0,0,0,0,0,0,0.0
Argentina,1969,0,0,0,0,0,0,0.0
Argentina,1970,0,0,0,0,0,0,0.0
Argentina,1971,0,0,0,0,0,0,0.0
Argentina,1972,0,0,0,0,0,0,0.0
Argentina,1973,0,0,0,0,0,0,0.0
Argentina,1974,0,0,0,0,0,0,0.0
Argentina,1975,0,1,0,0,0,1,28.0
Argentina,1976,0,0,0,0,0,0,0.0
Argentina,1977,0,0,0,0,0,0,0.0
Argentina,1978,0,0,0,0,0,0,0.0
Argentina,1979,0,0,0,0,0,0,0.0
Argentina,1980,1,0,0,0,1,1,56.0
Argentina,1981,1,1,0,0,1,1,84.0
Argentina,1982,1,1,1,0,1,1,112.0
Argentina,1983,0,0,1,0,0,1,28.0
Argentina,1984,0,1,1,0,0,1,56.0
Argentina,1985,0,0,1,0,0,1,28.0
Argentina,1986,0,0,1,0,0,1,28.0
Argentina,1987,0,1,1,0,0,1,56.0
Argentina,1988,0,1,1,0,0,1,56.0
Argentina,1989,1,1,1,0,0,1,80.0
Argentina,1990,1,0,1,0,0,1,52.0
Argentina,1991,1,0,1,0,0,1,52.0
Argentina,1992,0,0,1,0,0,1,28.0
Argentina,1993,0,0,1,0,0,1,28.0
Argentina,1994,0,0,0,0,0,0,0.0
Argentina,1995,1,0,0,0,0,1,24.0
Argentina,1996,0,0,0,0,0,0,0.0
Argentina,1997,0,0,0,0,0,0,0.0
Argentina,1998,0,0,0,0,0,0,0.0
Argentina,1999,0,0,0,0,0,0,0.0
Argentina,2000,0,0,0,0,0,0,0.0
Argentina,2001,1,0,1,0,1,1,84.0
Argentina,2002,1,1,1,0,1,1,112.0
Argentina,2003,1,0,1,0,0,1,52.0
Argentina,2004,0,0,1,0,0,1,28.0
Argentina,2005,0,0,1,0,0,1,28.0
Argentina,2006,0,0,1,0,0,1,28.0
Argentina,2007,0,0,1,0,0,1,28.0
Argentina,2008,0,0,1,0,0,1,28.0
Argentina,2009,0,0,1,0,0,1,28.0
Argentina,2010,0,0,1,0,0,1,28.0
Argentina,2011,0,0,1,0,0,1,28.0
Argentina,2012,0,0,1,0,0,1,28.0
Argentina,2013,0,1,1,0,0,1,56.0
Argentina,2014,0,1,1,0,0,1,56.0
Argentina,2015,0,1,1,0,0,1,56.0
Argentina,2016,0,1,1,0,0,1,56.0
Argentina,2017,0,0,0,0,0,0,0.0
Argentina,2018,0,1,0,0,0,1,28.0
Argentina,2019,0,0,0,0,0,0,0.0
Belize,1950,0,0,0,0,0,0,0.0
Belize,1951,0,0,0,0,0,0,0.0
Belize,1952,0,0,0,0,0,0,0.0
Belize,1953,0,0,0,0,0,0,0.0
Belize,1954,0,0,0,0,0,0,0.0
Belize,1955,0,0,0,0,0,0,0.0
Belize,1956,0,0,0,0,0,0,0.0
Belize,1957,0,0,0,0,0,0,0.0
Belize,1958,0,0,0,0,0,0,0.0
Belize,1959,0,0,0,0,0,0,0.0
Belize,1960,0,0,0,0,0,0,0.0
Belize,1961,0,0,0,0,0,0,0.0
Belize,1962,0,0,0,0,0,0,0.0
Belize,1963,0,0,0,0,0,0,0.0
Belize,1964,0,0,0,0,0,0,0.0
Belize,1965,0,0,0,0,0,0,0.0
Belize,1966,0,0,0,0,0,0,0.0
Belize,1967,0,0,0,0,0,0,0.0
Belize,1968,0,0,0,0,0,0,0.0
Belize,1969,0,0,0,0,0,0,0.0
Belize,1970,0,0,0,0,0,0,0.0
Belize,1971,0,0,0,0,0,0,0.0
Belize,1972,0,0,0,0,0,0,0.0
Belize,1973,0,0,0,0,0,0,0.0
Belize,1974,0,0,0,0,0,0,0.0
Belize,1975,0,0,0,0,0,0,0.0
Belize,1976,0,0,0,0,0,0,0.0
Belize,1977,0,0,0,0,0,0,0.0
Belize,1978,0,0,0,0,0,0,0.0
Belize,1979,0,0,0,0,0,0,0.0
Belize,1980,0,0,0,0,0,0,0.0
Belize,1981,0,0,0,0,0,0,0.0
Belize,1982,0,0,0,0,0,0,0.0
Belize,1983,0,0,0,0,0,0,0.0
Belize,1984,0,0,0,0,0,0,0.0
Belize,1985,0,0,0,0,0,0,0.0
Belize,1986,0,0,0,0,0,0,0.0
Belize,1987,0,0,0,0,0,0,0.0
Belize,1988,0,0,0,0,0,0,0.0
Belize,1989,0,0,0,0,0,0,0.0
Belize,1990,0,0,0,0,0,0,0.0
Belize,1991,0,0,0,0,0,0,0.0
Belize,1992,0,0,0,0,0,0,0.0
Belize,1993,0,0,0,0,0,0,0.0
Belize,1994,0,0,0,0,0,0,0.0
Belize,1995,0,0,0,0,0,0,0.0
Belize,1996,0,0,0,0,0,0,0.0
Belize,1997,0,0,0,0,0,0,0.0
Belize,1998,0,0,0,0,0,0,0.0
Belize,1999,0,0,0,0,0,0,0.0
Belize,2000,0,0,0,0,0,0,0.0
Belize,2001,0,0,0,0,0,0,0.0
Belize,2002,0,0,0,0,0,0,0.0
Belize,2003,0,0,0,0,0,0,0.0
Belize,2004,0,0,0,0,0,0,0.0
Belize,2005,0,0,0,0,0,0,0.0
Belize,2006,0,0,1,0,0,1,28.0
Belize,2007,0,0,1,0,0,1,28.0
Belize,2008,0,0,0,0,0,0,0.0
Belize,2009,0,0,0,0,0,0,0.0
Belize,2010,0,0,0,0,0,0,0.0
Belize,2011,0,0,0,0,0,0,0.0
Belize,2012,0,0,1,0,0,1,28.0
Belize,2013,0,0,1,0,0,1,28.0
Belize,2014,0,0,0,0,0,0,0.0
Belize,2015,0,0,0,0,0,0,0.0
Belize,2016,0,0,0,0,0,0,0.0
Belize,2017,0,0,1,0,0,1,28.0
Belize,2018,0,0,0,0,0,0,0.0
Belize,2019,0,0,0,0,0,0,0.0
Bolivia,1950,0,0,0,0,0,0,0.0
Bolivia,1951,0,0,0,0,0,0,0.0
Bolivia,1952,0,0,0,0,0,0,0.0
Bolivia,1953,0,1,0,0,0,1,28.0
Bolivia,1954,0,0,0,0,0,0,0.0
Bolivia,1955,0,0,0,0,0,0,0.0
Bolivia,1956,0,1,0,0,0,1,28.0
Bolivia,1957,0,0,0,0,0,0,0.0
Bolivia,1958,0,1,0,0,0,1,28.0
Bolivia,1959,0,0,0,0,0,0,0.0
Bolivia,1960,0,0,1,0,0,1,28.0
Bolivia,1961,0,0,1,0,0,1,28.0
Bolivia,1962,0,0,1,0,0,1,28.0
Bolivia,1963,0,0,1,0,0,1,28.0
Bolivia,1964,0,0,1,0,0,1,28.0
Bolivia,1965,0,0,1,0,0,1,28.0
Bolivia,1966,0,0,1,0,0,1,28.0
Bolivia,1967,0,0,1,0,0,1,28.0
Bolivia,1968,0,0,1,0,0,1,28.0
Bolivia,1969,0,0,1,0,0,1,28.0
Bolivia,1970,0,0,0,0,0,0,0.0
Bolivia,1971,0,0,0,0,0,0,0.0
Bolivia,1972,0,1,0,0,0,1,28.0
Bolivia,1973,0,1,0,0,0,1,28.0
Bolivia,1974,0,0,0,0,0,0,0.0
Bolivia,1975,0,0,0,0,0,0,0.0
Bolivia,1976,0,0,0,0,0,0,0.0
Bolivia,1977,0,0,0,0,0,0,0.0
Bolivia,1978,0,0,0,0,0,0,0.0
Bolivia,1979,0,0,0,0,0,0,0.0
Bolivia,1980,0,0,1,0,0,1,28.0
Bolivia,1981,0,0,1,0,0,1,28.0
Bolivia,1982,0,1,1,0,0,1,56.0
Bolivia,1983,0,1,1,0,0,1,56.0
Bolivia,1984,0,1,1,0,0,1,56.0
Bolivia,1985,0,1,1,0,0,1,56.0
Bolivia,1986,1,0,1,0,0,1,52.0
Bolivia,1987,0,0,1,0,0,1,28.0
Bolivia,1988,0,0,1,0,0,1,28.0
Bolivia,1989,0,0,1,0,0,1,28.0
Bolivia,1990,0,0,1,0,0,1,28.0
Bolivia,1991,0,0,1,0,0,1,28.0
Bolivia,1992,0,0,1,0,0,1,28.0
Bolivia,1993,0,0,1,0,0,1,28.0
Bolivia,1994,1,0,1,0,0,1,52.0
Bolivia,1995,0,0,1,0,0,1,28.0
Bolivia,1996,0,0,1,0,0,1,28.0
Bolivia,1997,0,0,1,0,0,1,28.0
Bolivia,1998,0,0,1,0,0,1,28.0
Bolivia,1999,0,0,0,0,0,0,0.0
Bolivia,2000,0,0,0,0,0,0,0.0
Bolivia,2001,0,0,1,0,0,1,28.0
Bolivia,2002,0,0,0,0,0,0,0.0
Bolivia,2003,0,0,0,0,0,0,0.0
Bolivia,2004,0,0,0,0,0,0,0.0
Bolivia,2005,0,0,0,0,0,0,0.0
Bolivia,2006,0,0,0,0,0,0,0.0
Bolivia,2007,0,0,0,0,0,0,0.0
Bolivia,2008,0,0,0,0,0,0,0.0
Bolivia,2009,0,0,0,0,0,0,0.0
Bolivia,2010,0,0,0,0,0,0,0.0
Bolivia,2011,0,0,0,0,0,0,0.0
Bolivia,2012,0,0,0,0,0,0,0.0
Bolivia,2013,0,0,0,0,0,0,0.0
Bolivia,2014,0,0,0,0,0,0,0.0
Bolivia,2015,0,0,0,0,0,0,0.0
Bolivia,2016,0,0,0,0,0,0,0.0
Bolivia,2017,0,0,0,0,0,0,0.0
Bolivia,2018,0,0,0,0,0,0,0.0
Bolivia,2019,0,0,0,0,0,0,0.0
Brazil,1950,0,0,0,0,0,0,0.0
Brazil,1951,0,0,0,0,0,0,0.0
Brazil,1952,0,0,0,0,0,0,0.0
Brazil,1953,0,1,0,0,0,1,28.0
Brazil,1954,0,0,0,0,0,0,0.0
Brazil,1955,0,0,0,0,0,0,0.0
Brazil,1956,0,0,0,0,0,0,0.0
Brazil,1957,0,1,0,0,0,1,28.0
Brazil,1958,0,1,0,0,0,1,28.0
Brazil,1959,0,0,0,0,0,0,0.0
Brazil,1960,0,0,0,0,0,0,0.0
Brazil,1961,0,1,0,0,0,1,28.0
Brazil,1962,0,0,0,0,0,0,0.0
Brazil,1963,0,0,0,0,0,0,0.0
Brazil,1964,0,1,0,0,0,1,28.0
Brazil,1965,0,0,0,0,0,0,0.0
Brazil,1966,0,0,0,0,0,0,0.0
Brazil,1967,0,0,0,0,0,0,0.0
Brazil,1968,0,1,0,0,0,1,28.0
Brazil,1969,0,0,0,0,0,0,0.0
Brazil,1970,0,0,0,0,0,0,0.0
Brazil,1971,0,0,0,0,0,0,0.0
Brazil,1972,0,0,0,0,0,0,0.0
Brazil,1973,0,0,0,0,0,0,0.0
Brazil,1974,0,0,0,0,0,0,0.0
Brazil,1975,0,0,0,0,0,0,0.0
Brazil,1976,0,1,0,0,0,1,28.0
Brazil,1977,0,0,0,0,0,0,0.0
Brazil,1978,0,0,0,0,0,0,0.0
Brazil,1979,0,1,0,0,0,1,28.0
Brazil,1980,0,1,0,0,0,1,28.0
Brazil,1981,0,1,0,0,0,1,28.0
Brazil,1982,0,1,0,0,0,1,28.0
Brazil,1983,0,1,1,0,0,1,56.0
Brazil,1984,0,0,1,0,0,1,28.0
Brazil,1985,0,0,1,0,0,1,28.0
Brazil,1986,0,0,1,0,0,1,28.0
Brazil,1987,0,1,1,0,0,1,56.0
Brazil,1988,0,1,1,0,0,1,56.0
Brazil,1989,0,1,1,0,0,1,56.0
Brazil,1990,1,1,1,0,0,1,80.0
Brazil,1991,1,0,1,0,0,1,52.0
Brazil,1992,1,1,1,0,0,1,80.0
Brazil,1993,1,1,1,0,0,1,80.0
Brazil,1994,1,0,1,0,0,1,52.0
Brazil,1995,1,0,0,0,0,1,24.0
Brazil,1996,1,0,0,0,0,1,24.0
Brazil,1997,1,0,0,0,0,1,24.0
Brazil,1998,1,0,0,0,0,1,24.0
Brazil,1999,0,1,0,0,0,1,28.0
Brazil,2000,0,0,0,0,0,0,0.0
Brazil,2001,0,0,0,0,0,0,0.0
Brazil,2002,0,1,0,0,0,1,28.0
Brazil,2003,0,0,0,0,0,0,0.0
Brazil,2004,0,0,0,0,0,0,0.0
Brazil,2005,0,0,0,0,0,0,0.0
Brazil,2006,0,0,0,0,0,0,0.0
Brazil,2007,0,0,0,0,0,0,0.0
Brazil,2008,0,1,0,0,0,1,28.0
Brazil,2009,0,0,0,0,0,0,0.0
Brazil,2010,0,0,0,0,0,0,0.0
Brazil,2011,0,0,0,0,0,0,0.0
Brazil,2012,0,0,0,0,0,0,0.0
Brazil,2013,0,0,0,0,0,0,0.0
Brazil,2014,0,0,0,0,0,0,0.0
Brazil,2015,0,1,0,0,0,1,28.0
Brazil,2016,0,0,0,0,0,0,0.0
Brazil,2017,0,0,0,0,0,0,0.0
Brazil,2018,0,0,0,0,0,0,0.0
Brazil,2019,0,0,0,0,0,0,0.0
Chile,1950,0,0,0,0,0,0,0.0
Chile,1951,0,1,0,0,0,1,28.0
Chile,1952,0,0,0,0,0,0,0.0
Chile,1953,0,0,0,0,0,0,0.0
Chile,1954,0,0,0,0,0,0,0.0
Chile,1955,0,1,0,0,0,1,28.0
Chile,1956,0,1,0,0,0,1,28.0
Chile,1957,0,0,0,0,0,0,0.0
Chile,1958,0,0,0,0,0,0,0.0
Chile,1959,0,0,0,0,0,0,0.0
Chile,1960,0,0,0,0,0,0,0.0
Chile,1961,0,0,0,0,0,0,0.0
Chile,1962,0,1,0,0,0,1,28.0
Chile,1963,0,1,0,0,0,1,28.0
Chile,1964,0,0,0,0,0,0,0.0
Chile,1965,0,0,0,0,0,0,0.0
Chile,1966,0,0,0,0,0,0,0.0
Chile,1967,0,1,0,0,0,1,28.0
Chile,1968,0,0,0,0,0,0,0.0
Chile,1969,0,0,0,0,0,0,0.0
Chile,1970,0,0,0,0,0,0,0.0
Chile,1971,0,1,0,1,0,1,52.0
Chile,1972,0,1,1,1,0,1,80.0
Chile,1973,0,1,1,1,0,1,80.0
Chile,1974,0,1,1,1,0,1,80.0
Chile,1975,0,1,1,1,0,1,80.0
Chile,1976,1,0,0,0,0,1,24.0
Chile,1977,0,0,0,0,0,0,0.0
Chile,1978,0,0,0,0,0,0,0.0
Chile,1979,0,0,0,0,0,0,0.0
Chile,1980,0,0,0,0,0,0,0.0
Chile,1981,1,0,0,0,1,1,56.0
Chile,1982,1,1,0,0,1,1,84.0
Chile,1983,1,1,1,0,1,1,112.0
Chile,1984,1,0,1,0,0,1,52.0
Chile,1985,1,1,1,0,0,1,80.0
Chile,1986,0,0,1,0,0,1,28.0
Chile,1987,0,0,1,0,0,1,28.0
Chile,1988,0,0,1,0,0,1,28.0
Chile,1989,0,0,1,0,0,1,28.0
Chile,1990,0,0,1,0,0,1,28.0
Chile,1991,0,0,0,0,0,0,0.0
Chile,1992,0,0,0,0,0,0,0.0
Chile,1993,0,0,0,0,0,0,0.0
Chile,1994,0,0,0,0,0,0,0.0
Chile,1995,0,0,0,0,0,0,0.0
Chile,1996,0,0,0,0,0,0,0.0
Chile,1997,0,0,0,0,0,0,0.0
Chile,1998,0,0,0,0,0,0,0.0
Chile,1999,0,0,0,0,0,0,0.0
Chile,2000,0,0,0,0,0,0,0.0
Chile,2001,0,0,0,0,0,0,0.0
Chile,2002,0,0,0,0,0,0,0.0
Chile,2003,0,0,0,0,0,0,0.0
Chile,2004,0,0,0,0,0,0,0.0
Chile,2005,0,0,0,0,0,0,0.0
Chile,2006,0,0,0,0,0,0,0.0
Chile,2007,0,0,0,0,0,0,0.0
Chile,2008,0,0,0,0,0,0,0.0
Chile,2009,0,0,0,0,0,0,0.0
Chile,2010,0,0,0,0,0,0,0.0
Chile,2011,0,0,0,0,0,0,0.0
Chile,2012,0,0,0,0,0,0,0.0
Chile,2013,0,0,0,0,0,0,0.0
Chile,2014,0,0,0,0,0,0,0.0
Chile,2015,0,0,0,0,0,0,0.0
Chile,2016,0,0,0,0,0,0,0.0
Chile,2017,0,0,0,0,0,0,0.0
Chile,2018,0,0,0,0,0,0,0.0
Chile,2019,0,0,0,0,0,0,0.0
Colombia,1950,0,0,0,0,0,0,0.0
Colombia,1951,0,0,0,0,0,0,0.0
Colombia,1952,0,0,0,0,0,0,0.0
Colombia,1953,0,0,0,0,0,0,0.0
Colombia,1954,0,0,0,0,0,0,0.0
Colombia,1955,0,0,0,0,0,0,0.0
Colombia,1956,0,0,0,0,0,0,0.0
Colombia,1957,0,1,0,0,0,1,28.0
Colombia,1958,0,1,0,0,0,1,28.0
Colombia,1959,0,0,0,0,0,0,0.0
Colombia,1960,0,0,0,0,0,0,0.0
Colombia,1961,0,0,0,0,0,0,0.0
Colombia,1962,0,1,0,0,0,1,28.0
Colombia,1963,0,1,0,0,0,1,28.0
Colombia,1964,0,0,0,0,0,0,0.0
Colombia,1965,0,1,0,0,0,1,28.0
Colombia,1966,0,0,0,0,0,0,0.0
Colombia,1967,0,0,0,0,0,0,0.0
Colombia,1968,0,0,0,0,0,0,0.0
Colombia,1969,0,0,0,0,0,0,0.0
Colombia,1970,0,0,0,0,0,0,0.0
Colombia,1971,0,0,0,0,0,0,0.0
Colombia,1972,0,0,0,0,0,0,0.0
Colombia,1973,0,0,0,0,0,0,0.0
Colombia,1974,0,0,0,0,0,0,0.0
Colombia,1975,0,0,0,0,0,0,0.0
Colombia,1976,0,0,0,0,0,0,0.0
Colombia,1977,0,0,0,0,0,0,0.0
Colombia,1978,0,0,0,0,0,0,0.0
Colombia,1979,0,0,0,0,0,0,0.0
Colombia,1980,0,0,0,0,0,0,0.0
Colombia,1981,0,0,0,0,0,0,0.0
Colombia,1982,1,0,0,0,0,1,24.0
Colombia,1983,0,0,0,0,0,0,0.0
Colombia,1984,0,0,0,0,0,0,0.0
Colombia,1985,0,1,0,0,0,1,28.0
Colombia,1986,0,0,0,0,0,0,0.0
Colombia,1987,0,0,0,0,0,0,0.0
Colombia,1988,0,0,0,0,0,0,0.0
Colombia,1989,0,0,0,0,0,0,0.0
Colombia,1990,0,0,0,0,0,0,0.0
Colombia,1991,0,0,0,0,0,0,0.0
Colombia,1992,0,0,0,0,0,0,0.0
Colombia,1993,0,0,0,0,0,0,0.0
Colombia,1994,0,0,0,0,0,0,0.0
Colombia,1995,0,0,0,0,0,0,0.0
Colombia,1996,0,0,0,0,0,0,0.0
Colombia,1997,0,0,0,0,0,0,0.0
Colombia,1998,1,0,0,0,0,1,24.0
Colombia,1999,1,0,0,0,0,1,24.0
Colombia,2000,1,0,0,0,0,1,24.0
Colombia,2001,0,0,0,0,0,0,0.0
Colombia,2002,0,0,0,0,0,0,0.0
Colombia,2003,0,0,0,0,0,0,0.0
Colombia,2004,0,0,0,0,0,0,0.0
Colombia,2005,0,0,0,0,0,0,0.0
Colombia,2006,0,0,0,0,0,0,0.0
Colombia,2007,0,0,0,0,0,0,0.0
Colombia,2008,0,0,0,0,0,0,0.0
Colombia,2009,0,0,0,0,0,0,0.0
Colombia,2010,0,0,0,0,0,0,0.0
Colombia,2011,0,0,0,0,0,0,0.0
Colombia,2012,0,0,0,0,0,0,0.0
Colombia,2013,0,0,0,0,0,0,0.0
Colombia,2014,0,0,0,0,0,0,0.0
Colombia,2015,0,1,0,0,0,1,28.0
Colombia,2016,0,0,0,0,0,0,0.0
Colombia,2017,0,0,0,0,0,0,0.0
Colombia,2018,0,0,0,0,0,0,0.0
Colombia,2019,0,0,0,0,0,0,0.0
Costa Rica,1950,0,0,0,0,0,0,0.0
Costa Rica,1951,0,0,0,0,0,0,0.0
Costa Rica,1952,0,0,0,0,0,0,0.0
Costa Rica,1953,0,0,0,0,0,0,0.0
Costa Rica,1954,0,0,0,0,0,0,0.0
Costa Rica,1955,0,0,0,0,0,0,0.0
Costa Rica,1956,0,0,0,0,0,0,0.0
Costa Rica,1957,0,0,0,0,0,0,0.0
Costa Rica,1958,0,0,0,0,0,0,0.0
Costa Rica,1959,0,0,0,0,0,0,0.0
Costa Rica,1960,0,0,0,0,0,0,0.0
Costa Rica,1961,0,0,0,0,0,0,0.0
Costa Rica,1962,0,0,0,0,0,0,0.0
Costa Rica,1963,0,0,0,0,0,0,0.0
Costa Rica,1964,0,0,0,0,0,0,0.0
Costa Rica,1965,0,0,0,0,0,0,0.0
Costa Rica,1966,0,0,0,0,0,0,0.0
Costa Rica,1967,0,0,0,0,0,0,0.0
Costa Rica,1968,0,0,0,0,0,0,0.0
Costa Rica,1969,0,0,0,0,0,0,0.0
Costa Rica,1970,0,0,0,0,0,0,0.0
Costa Rica,1971,0,0,0,0,0,0,0.0
Costa Rica,1972,0,0,0,0,0,0,0.0
Costa Rica,1973,0,0,0,0,0,0,0.0
Costa Rica,1974,0,0,0,0,0,0,0.0
Costa Rica,1975,0,0,0,0,0,0,0.0
Costa Rica,1976,0,0,0,0,0,0,0.0
Costa Rica,1977,0,0,0,0,0,0,0.0
Costa Rica,1978,0,0,0,0,0,0,0.0
Costa Rica,1979,0,0,0,0,0,0,0.0
Costa Rica,1980,0,0,0,0,0,0,0.0
Costa Rica,1981,0,1,1,1,0,1,80.0
Costa Rica,1982,0,0,1,0,0,1,28.0
Costa Rica,1983,0,0,1,0,0,1,28.0
Costa Rica,1984,0,0,1,0,0,1,28.0
Costa Rica,1985,0,0,1,0,0,1,28.0
Costa Rica,1986,0,0,1,0,0,1,28.0
Costa Rica,1987,1,0,1,0,0,1,52.0
Costa Rica,1988,1,0,1,0,0,1,52.0
Costa Rica,1989,1,0,1,0,0,1,52.0
Costa Rica,1990,1,0,1,0,0,1,52.0
Costa Rica,1991,1,0,1,0,0,1,52.0
Costa Rica,1992,0,0,1,0,0,1,28.0
Costa Rica,1993,0,0,1,0,0,1,28.0
Costa Rica,1994,1,0,1,0,0,1,52.0
Costa Rica,1995,1,0,1,0,0,1,52.0
Costa Rica,1996,0,0,1,0,0,1,28.0
Costa Rica,1997,0,0,0,0,0,0,0.0
Costa Rica,1998,0,0,0,0,0,0,0.0
Costa Rica,1999,0,0,0,0,0,0,0.0
Costa Rica,2000,0,0,0,0,0,0,0.0
Costa Rica,2001,0,0,0,0,0,0,0.0
Costa Rica,2002,0,0,0,0,0,0,0.0
Costa Rica,2003,0,0,0,0,0,0,0.0
Costa Rica,2004,0,0,0,0,0,0,0.0
Costa Rica,2005,0,0,0,0,0,0,0.0
Costa Rica,2006,0,0,0,0,0,0,0.0
Costa Rica,2007,0,0,0,0,0,0,0.0
Costa Rica,2008,0,0,0,0,0,0,0.0
Costa Rica,2009,0,0,0,0,0,0,0.0
Costa Rica,2010,0,0,0,0,0,0,0.0
Costa Rica,2011,0,0,0,0,0,0,0.0
Costa Rica,2012,0,0,0,0,0,0,0.0
Costa Rica,2013,0,0,0,0,0,0,0.0
Costa Rica,2014,0,0,0,0,0,0,0.0
Costa Rica,2015,0,0,0,0,0,0,0.0
Costa Rica,2016,0,0,0,0,0,0,0.0
Costa Rica,2017,0,0,0,0,0,0,0.0
Costa Rica,2018,0,0,0,0,0,0,0.0
Costa Rica,2019,0,0,0,0,0,0,0.0
Cuba,1950,0,0,0,0,0,0,0.0
Cuba,1951,0,0,0,0,0,0,0.0
Cuba,1952,0,0,0,0,0,0,0.0
Cuba,1953,0,0,0,0,0,0,0.0
Cuba,1954,0,0,0,0,0,0,0.0
Cuba,1955,0,0,0,0,0,0,0.0
Cuba,1956,0,0,0,0,0,0,0.0
Cuba,1957,0,0,0,0,0,0,0.0
Cuba,1958,0,0,0,0,0,0,0.0
Cuba,1959,0,0,0,0,0,0,0.0
Cuba,1960,0,0,0,0,0,0,0.0
Cuba,1961,0,0,0,0,0,0,0.0
Cuba,1962,0,0,0,0,0,0,0.0
Cuba,1963,0,0,0,0,0,0,0.0
Cuba,1964,0,0,0,0,0,0,0.0
Cuba,1965,0,0,0,0,0,0,0.0
Cuba,1966,0,0,0,0,0,0,0.0
Cuba,1967,0,0,0,0,0,0,0.0
Cuba,1968,0,0,0,0,0,0,0.0
Cuba,1969,0,0,0,0,0,0,0.0
Cuba,1970,0,0,0,0,0,0,0.0
Cuba,1971,0,0,0,0,0,0,0.0
Cuba,1972,0,0,0,0,0,0,0.0
Cuba,1973,0,0,0,0,0,0,0.0
Cuba,1974,0,0,0,0,0,0,0.0
Cuba,1975,0,0,0,0,0,0,0.0
Cuba,1976,0,0,0,0,0,0,0.0
Cuba,1977,0,0,0,0,0,0,0.0
Cuba,1978,0,0,0,0,0,0,0.0
Cuba,1979,0,0,0,0,0,0,0.0
Cuba,1980,0,0,0,0,0,0,0.0
Cuba,1981,0,0,0,0,0,0,0.0
Cuba,1982,0,0,1,0,0,1,28.0
Cuba,1983,0,0,1,0,0,1,28.0
Cuba,1984,0,0,1,0,0,1,28.0
Cuba,1985,0,0,1,0,0,1,28.0
Cuba,1986,0,0,1,0,0,1,28.0
Cuba,1987,0,0,1,0,0,1,28.0
Cuba,1988,0,0,1,0,0,1,28.0
Cuba,1989,0,0,1,0,0,1,28.0
Cuba,1990,0,0,1,0,0,1,28.0
Cuba,1991,0,0,1,0,0,1,28.0
Cuba,1992,0,0,1,0,0,1,28.0
Cuba,1993,0,0,1,0,0,1,28.0
Cuba,1994,0,0,1,0,0,1,28.0
Cuba,1995,0,0,1,0,0,1,28.0
Cuba,1996,0,0,1,0,0,1,28.0
Cuba,1997,0,0,1,0,0,1,28.0
Cuba,1998,0,0,1,0,0,1,28.0
Cuba,1999,0,0,1,0,0,1,28.0
Cuba,2000,0,0,1,0,0,1,28.0
Cuba,2001,0,0,1,0,0,1,28.0
Cuba,2002,0,0,1,0,0,1,28.0
Cuba,2003,0,0,1,0,0,1,28.0
Cuba,2004,0,0,1,0,0,1,28.0
Cuba,2005,0,0,1,0,0,1,28.0
Cuba,2006,0,0,1,0,0,1,28.0
Cuba,2007,0,0,1,0,0,1,28.0
Cuba,2008,0,0,1,0,0,1,28.0
Cuba,2009,0,0,1,0,0,1,28.0
Cuba,2010,0,0,1,0,0,1,28.0
Cuba,2011,0,0,1,0,0,1,28.0
Cuba,2012,0,0,1,0,0,1,28.0
Cuba,2013,0,0,1,0,0,1,28.0
Cuba,2014,0,0,1,0,0,1,28.0
Cuba,2015,0,0,1,0,0,1,28.0
Cuba,2016,0,0,1,0,0,1,28.0
Cuba,2017,0,0,1,0,0,1,28.0
Cuba,2018,0,0,1,0,0,1,28.0
Cuba,2019,0,0,0,0,0,0,0.0
Dominican Republic,1950,0,0,0,0,0,0,0.0
Dominican Republic,1951,0,0,0,0,0,0,0.0
Dominican Republic,1952,0,0,0,0,0,0,0.0
Dominican Republic,1953,0,0,0,0,0,0,0.0
Dominican Republic,1954,0,0,0,0,0,0,0.0
Dominican Republic,1955,0,0,0,0,0,0,0.0
Dominican Republic,1956,0,0,0,0,0,0,0.0
Dominican Republic,1957,0,0,0,0,0,0,0.0
Dominican Republic,1958,0,0,0,0,0,0,0.0
Dominican Republic,1959,0,0,0,0,0,0,0.0
Dominican Republic,1960,0,0,0,0,0,0,0.0
Dominican Republic,1961,0,0,1,0,0,1,28.0
Dominican Republic,1962,0,0,1,0,0,1,28.0
Dominican Republic,1963,0,0,1,0,0,1,28.0
Dominican Republic,1964,0,0,1,0,0,1,28.0
Dominican Republic,1965,0,0,0,0,0,0,0.0
Dominican Republic,1966,0,0,1,0,0,1,28.0
Dominican Republic,1967,0,0,1,0,0,1,28.0
Dominican Republic,1968,0,0,1,0,0,1,28.0
Dominican Republic,1969,0,0,1,0,0,1,28.0
Dominican Republic,1970,0,0,0,0,0,0,0.0
Dominican Republic,1971,0,0,0,0,0,0,0.0
Dominican Republic,1972,0,0,0,0,0,0,0.0
Dominican Republic,1973,0,0,0,0,0,0,0.0
Dominican Republic,1974,0,0,0,0,0,0,0.0
Dominican Republic,1975,0,0,0,0,0,0,0.0
Dominican Republic,1976,0,0,0,0,0,0,0.0
Dominican Republic,1977,0,0,0,0,0,0,0.0
Dominican Republic,1978,0,0,0,0,0,0,0.0
Dominican Republic,1979,0,0,0,0,0,0,0.0
Dominican Republic,1980,0,0,0,0,0,0,0.0
Dominican Republic,1981,0,0,0,0,0,0,0.0
Dominican Republic,1982,0,0,1,0,0,1,28.0
Dominican Republic,1983,0,0,1,0,0,1,28.0
Dominican Republic,1984,0,0,1,0,0,1,28.0
Dominican Republic,1985,0,1,1,0,0,1,56.0
Dominican Republic,1986,0,0,1,0,0,1,28.0
Dominican Republic,1987,0,1,1,0,0,1,56.0
Dominican Republic,1988,0,1,1,0,0,1,56.0
Dominican Republic,1989,0,0,1,0,0,1,28.0
Dominican Republic,1990,0,1,1,0,0,1,56.0
Dominican Republic,1991,0,1,1,0,0,1,56.0
Dominican Republic,1992,0,0,1,0,0,1,28.0
Dominican Republic,1993,0,0,1,0,0,1,28.0
Dominican Republic,1994,0,0,1,0,0,1,28.0
Dominican Republic,1995,0,0,1,0,0,1,28.0
Dominican Republic,1996,0,0,1,0,0,1,28.0
Dominican Republic,1997,0,0,1,0,0,1,28.0
Dominican Republic,1998,0,0,1,0,0,1,28.0
Dominican Republic,1999,0,0,1,0,0,1,28.0
Dominican Republic,2000,0,0,0,0,0,0,0.0
Dominican Republic,2001,0,0,0,0,0,0,0.0
Dominican Republic,2002,0,0,0,0,0,0,0.0
Dominican Republic,2003,1,1,0,1,0,1,76.0
Dominican Republic,2004,1,0,0,0,0,1,24.0
Dominican Republic,2005,0,0,0,0,0,0,0.0
Dominican Republic,2006,0,0,0,0,0,0,0.0
Dominican Republic,2007,0,0,0,0,0,0,0.0
Dominican Republic,2008,0,0,0,0,0,0,0.0
Dominican Republic,2009,0,0,0,0,0,0,0.0
Dominican Republic,2010,0,0,0,0,0,0,0.0
Dominican Republic,2011,0,0,0,0,0,0,0.0
Dominican Republic,2012,0,0,0,0,0,0,0.0
Dominican Republic,2013,0,0,0,0,0,0,0.0
Dominican Republic,2014,0,0,0,0,0,0,0.0
Dominican Republic,2015,0,0,0,0,0,0,0.0
Dominican Republic,2016,0,0,0,0,0,0,0.0
Dominican Republic,2017,0,0,0,0,0,0,0.0
Dominican Republic,2018,0,0,0,0,0,0,0.0
Dominican Republic,2019,0,0,0,0,0,0,0.0
Ecuador,1950,0,0,0,0,0,0,0.0
Ecuador,1951,0,0,0,0,0,0,0.0
Ecuador,1952,0,0,0,0,0,0,0.0
Ecuador,1953,0,0,0,0,0,0,0.0
Ecuador,1954,0,0,0,0,0,0,0.0
Ecuador,1955,0,0,0,0,0,0,0.0
Ecuador,1956,0,0,0,0,0,0,0.0
Ecuador,1957,0,0,0,0,0,0,0.0
Ecuador,1958,0,0,0,0,0,0,0.0
Ecuador,1959,0,0,0,0,0,0,0.0
Ecuador,1960,0,0,0,0,0,0,0.0
Ecuador,1961,0,0,0,0,0,0,0.0
Ecuador,1962,0,0,0,0,0,0,0.0
Ecuador,1963,0,0,0,0,0,0,0.0
Ecuador,1964,0,0,0,0,0,0,0.0
Ecuador,1965,0,0,0,0,0,0,0.0
Ecuador,1966,0,0,0,0,0,0,0.0
Ecuador,1967,0,0,0,0,0,0,0.0
Ecuador,1968,0,0,0,0,0,0,0.0
Ecuador,1969,0,0,0,0,0,0,0.0
Ecuador,1970,0,1,0,0,0,1,28.0
Ecuador,1971,0,0,0,0,0,0,0.0
Ecuador,1972,0,0,0,0,0,0,0.0
Ecuador,1973,0,0,0,0,0,0,0.0
Ecuador,1974,0,0,0,0,0,0,0.0
Ecuador,1975,0,0,0,0,0,0,0.0
Ecuador,1976,0,0,0,0,0,0,0.0
Ecuador,1977,0,0,0,0,0,0,0.0
Ecuador,1978,0,0,0,0,0,0,0.0
Ecuador,1979,0,0,0,0,0,0,0.0
Ecuador,1980,0,0,0,0,0,0,0.0
Ecuador,1981,0,0,0,0,0,0,0.0
Ecuador,1982,1,1,1,0,1,1,112.0
Ecuador,1983,1,1,1,0,1,1,112.0
Ecuador,1984,1,0,1,0,0,1,52.0
Ecuador,1985,1,1,1,0,0,1,80.0
Ecuador,1986,1,1,1,0,0,1,80.0
Ecuador,1987,0,0,1,0,0,1,28.0
Ecuador,1988,0,1,1,0,0,1,56.0
Ecuador,1989,0,0,1,0,0,1,28.0
Ecuador,1990,0,0,1,0,0,1,28.0
Ecuador,1991,0,0,1,0,0,1,28.0
Ecuador,1992,0,1,1,0,0,1,56.0
Ecuador,1993,0,0,1,0,0,1,28.0
Ecuador,1994,0,0,1,0,0,1,28.0
Ecuador,1995,0,0,1,0,0,1,28.0
Ecuador,1996,0,0,0,0,0,0,0.0
Ecuador,1997,0,0,0,0,0,0,0.0
Ecuador,1998,1,1,0,0,1,1,84.0
Ecuador,1999,1,1,1,0,1,1,112.0
Ecuador,2000,1,0,1,0,0,1,52.0
Ecuador,2001,1,0,0,0,0,1,24.0
Ecuador,2002,1,0,0,0,0,1,24.0
Ecuador,2003,0,0,0,0,0,0,0.0
Ecuador,2004,0,0,0,0,0,0,0.0
Ecuador,2005,0,0,0,0,0,0,0.0
Ecuador,2006,0,0,0,0,0,0,0.0
Ecuador,2007,0,0,0,0,0,0,0.0
Ecuador,2008,0,0,1,0,0,1,28.0
Ecuador,2009,0,0,1,0,0,1,28.0
Ecuador,2010,0,0,0,0,0,0,0.0
Ecuador,2011,0,0,0,0,0,0,0.0
Ecuador,2012,0,0,0,0,0,0,0.0
Ecuador,2013,0,0,0,0,0,0,0.0
Ecuador,2014,0,0,0,0,0,0,0.0
Ecuador,2015,0,0,0,0,0,0,0.0
Ecuador,2016,0,0,0,0,0,0,0.0
Ecuador,2017,0,0,0,0,0,0,0.0
Ecuador,2018,0,0,0,0,0,0,0.0
Ecuador,2019,0,0,0,0,0,0,0.0
El Salvador,1950,0,0,0,0,0,0,0.0
El Salvador,1951,0,0,0,0,0,0,0.0
El Salvador,1952,0,0,0,0,0,0,0.0
El Salvador,1953,0,0,0,0,0,0,0.0
El Salvador,1954,0,0,0,0,0,0,0.0
El Salvador,1955,0,0,0,0,0,0,0.0
El Salvador,1956,0,0,0,0,0,0,0.0
El Salvador,1957,0,0,0,0,0,0,0.0
El Salvador,1958,0,0,0,0,0,0,0.0
El Salvador,1959,0,0,0,0,0,0,0.0
El Salvador,1960,0,0,0,0,0,0,0.0
El Salvador,1961,0,0,0,0,0,0,0.0
El Salvador,1962,0,0,0,0,0,0,0.0
El Salvador,1963,0,0,0,0,0,0,0.0
El Salvador,1964,0,0,0,0,0,0,0.0
El Salvador,1965,0,0,0,0,0,0,0.0
El Salvador,1966,0,0,0,0,0,0,0.0
El Salvador,1967,0,0,0,0,0,0,0.0
El Salvador,1968,0,0,0,0,0,0,0.0
El Salvador,1969,0,0,0,0,0,0,0.0
El Salvador,1970,0,0,0,0,0,0,0.0
El Salvador,1971,0,0,0,0,0,0,0.0
El Salvador,1972,0,0,0,0,0,0,0.0
El Salvador,1973,0,0,0,0,0,0,0.0
El Salvador,1974,0,0,0,0,0,0,0.0
El Salvador,1975,0,0,0,0,0,0,0.0
El Salvador,1976,0,0,0,0,0,0,0.0
El Salvador,1977,0,0,0,0,0,0,0.0
El Salvador,1978,0,0,0,0,0,0,0.0
El Salvador,1979,0,0,0,0,0,0,0.0
El Salvador,1980,0,0,0,0,0,0,0.0
El Salvador,1981,0,0,1,0,0,1,28.0
El Salvador,1982,0,0,1,0,0,1,28.0
El Salvador,1983,0,0,1,0,0,1,28.0
El Salvador,1984,0,0,1,0,0,1,28.0
El Salvador,1985,0,0,1,0,0,1,28.0
El Salvador,1986,0,1,1,0,0,1,56.0
El Salvador,1987,0,0,1,0,0,1,28.0
El Salvador,1988,0,0,1,0,0,1,28.0
El Salvador,1989,1,0,1,1,0,1,76.0
El Salvador,1990,1,1,1,1,0,1,104.0
El Salvador,1991,0,0,1,0,0,1,28.0
El Salvador,1992,0,0,1,0,0,1,28.0
El Salvador,1993,0,0,1,0,0,1,28.0
El Salvador,1994,0,0,0,0,0,0,0.0
El Salvador,1995,0,0,0,0,0,0,0.0
El Salvador,1996,0,0,0,0,0,0,0.0
El Salvador,1997,0,0,0,0,0,0,0.0
El Salvador,1998,0,0,0,0,0,0,0.0
El Salvador,1999,0,0,0,0,0,0,0.0
El Salvador,2000,0,0,0,0,0,0,0.0
El Salvador,2001,0,0,0,0,0,0,0.0
El Salvador,2002,0,0,0,0,0,0,0.0
El Salvador,2003,0,0,0,0,0,0,0.0
El Salvador,2004,0,0,0,0,0,0,0.0
El Salvador,2005,0,0,0,0,0,0,0.0
El Salvador,2006,0,0,0,0,0,0,0.0
El Salvador,2007,0,0,0,0,0,0,0.0
El Salvador,2008,0,0,0,0,0,0,0.0
El Salvador,2009,0,0,0,0,0,0,0.0
El Salvador,2010,0,0,0,0,0,0,0.0
El Salvador,2011,0,0,0,0,0,0,0.0
El Salvador,2012,0,0,0,0,0,0,0.0
El Salvador,2013,0,0,0,0,0,0,0.0
El Salvador,2014,0,0,0,0,0,0,0.0
El Salvador,2015,0,0,0,0,0,0,0.0
El Salvador,2016,0,0,0,0,0,0,0.0
El Salvador,2017,0,0,1,0,0,1,28.0
El Salvador,2018,0,0,0,0,0,0,0.0
El Salvador,2019,0,0,0,0,0,0,0.0
Guatemala,1950,0,0,0,0,0,0,0.0
Guatemala,1951,0,0,0,0,0,0,0.0
Guatemala,1952,0,0,0,0,0,0,0.0
Guatemala,1953,0,0,0,0,0,0,0.0
Guatemala,1954,0,0,0,0,0,0,0.0
Guatemala,1955,0,0,0,0,0,0,0.0
Guatemala,1956,0,0,0,0,0,0,0.0
Guatemala,1957,0,0,0,0,0,0,0.0
Guatemala,1958,0,0,0,0,0,0,0.0
Guatemala,1959,0,0,0,0,0,0,0.0
Guatemala,1960,0,0,0,0,0,0,0.0
Guatemala,1961,0,0,0,0,0,0,0.0
Guatemala,1962,0,0,0,0,0,0,0.0
Guatemala,1963,0,0,0,0,0,0,0.0
Guatemala,1964,0,0,0,0,0,0,0.0
Guatemala,1965,0,0,0,0,0,0,0.0
Guatemala,1966,0,0,0,0,0,0,0.0
Guatemala,1967,0,0,0,0,0,0,0.0
Guatemala,1968,0,0,0,0,0,0,0.0
Guatemala,1969,0,0,0,0,0,0,0.0
Guatemala,1970,0,0,0,0,0,0,0.0
Guatemala,1971,0,0,0,0,0,0,0.0
Guatemala,1972,0,0,0,0,0,0,0.0
Guatemala,1973,0,0,0,0,0,0,0.0
Guatemala,1974,0,0,0,0,0,0,0.0
Guatemala,1975,0,0,0,0,0,0,0.0
Guatemala,1976,0,0,0,0,0,0,0.0
Guatemala,1977,0,0,0,0,0,0,0.0
Guatemala,1978,0,0,0,0,0,0,0.0
Guatemala,1979,0,0,0,0,0,0,0.0
Guatemala,1980,0,0,0,0,0,0,0.0
Guatemala,1981,0,0,0,0,0,0,0.0
Guatemala,1982,0,0,0,0,0,0,0.0
Guatemala,1983,0,0,0,0,0,0,0.0
Guatemala,1984,0,0,0,0,0,0,0.0
Guatemala,1985,0,0,0,0,0,0,0.0
Guatemala,1986,0,1,1,1,0,1,80.0
Guatemala,1987,0,0,1,0,0,1,28.0
Guatemala,1988,0,0,1,0,0,1,28.0
Guatemala,1989,0,0,1,0,0,1,28.0
Guatemala,1990,0,1,1,0,0,1,56.0
Guatemala,1991,0,0,1,0,0,1,28.0
Guatemala,1992,0,0,1,0,0,1,28.0
Guatemala,1993,0,0,1,0,0,1,28.0
Guatemala,1994,0,0,1,0,0,1,28.0
Guatemala,1995,0,0,1,0,0,1,28.0
Guatemala,1996,0,0,1,0,0,1,28.0
Guatemala,1997,0,0,1,0,0,1,28.0
Guatemala,1998,0,0,1,0,0,1,28.0
Guatemala,1999,0,0,1,0,0,1,28.0
Guatemala,2000,0,0,1,0,0,1,28.0
Guatemala,2001,0,0,1,0,0,1,28.0
Guatemala,2002,0,0,1,0,0,1,28.0
Guatemala,2003,0,0,1,0,0,1,28.0
Guatemala,2004,0,0,1,0,0,1,28.0
Guatemala,2005,0,0,1,0,0,1,28.0
Guatemala,2006,0,0,1,0,0,1,28.0
Guatemala,2007,0,0,0,0,0,0,0.0
Guatemala,2008,0,0,0,0,0,0,0.0
Guatemala,2009,0,0,0,0,0,0,0.0
Guatemala,2010,0,0,0,0,0,0,0.0
Guatemala,2011,0,0,0,0,0,0,0.0
Guatemala,2012,0,0,0,0,0,0,0.0
Guatemala,2013,0,0,0,0,0,0,0.0
Guatemala,2014,0,0,0,0,0,0,0.0
Guatemala,2015,0,0,0,0,0,0,0.0
Guatemala,2016,0,0,0,0,0,0,0.0
Guatemala,2017,0,0,0,0,0,0,0.0
Guatemala,2018,0,0,0,0,0,0,0.0
Guatemala,2019,0,0,0,0,0,0,0.0
Guyana,1950,0,0,0,0,0,0,0.0
Guyana,1951,0,0,0,0,0,0,0.0
Guyana,1952,0,0,0,0,0,0,0.0
Guyana,1953,0,0,0,0,0,0,0.0
Guyana,1954,0,0,0,0,0,0,0.0
Guyana,1955,0,0,0,0,0,0,0.0
Guyana,1956,0,0,0,0,0,0,0.0
Guyana,1957,0,0,0,0,0,0,0.0
Guyana,1958,0,0,0,0,0,0,0.0
Guyana,1959,0,0,0,0,0,0,0.0
Guyana,1960,0,0,0,0,0,0,0.0
Guyana,1961,0,0,0,0,0,0,0.0
Guyana,1962,0,0,0,0,0,0,0.0
Guyana,1963,0,0,0,0,0,0,0.0
Guyana,1964,0,0,0,0,0,0,0.0
Guyana,1965,0,0,0,0,0,0,0.0
Guyana,1966,0,0,0,0,0,0,0.0
Guyana,1967,0,0,0,0,0,0,0.0
Guyana,1968,0,0,0,0,0,0,0.0
Guyana,1969,0,0,0,0,0,0,0.0
Guyana,1970,0,0,0,0,0,0,0.0
Guyana,1971,0,0,0,0,0,0,0.0
Guyana,1972,0,0,0,0,0,0,0.0
Guyana,1973,0,0,0,0,0,0,0.0
Guyana,1974,0,0,0,0,0,0,0.0
Guyana,1975,0,0,0,0,0,0,0.0
Guyana,1976,0,0,1,0,0,1,28.0
Guyana,1977,0,0,1,0,0,1,28.0
Guyana,1978,0,0,1,0,0,1,28.0
Guyana,1979,0,0,1,0,0,1,28.0
Guyana,1980,0,0,1,0,0,1,28.0
Guyana,1981,0,0,1,0,0,1,28.0
Guyana,1982,0,0,1,0,0,1,28.0
Guyana,1983,0,0,1,0,0,1,28.0
Guyana,1984,0,1,1,0,0,1,56.0
Guyana,1985,0,0,1,0,0,1,28.0
Guyana,1986,0,0,1,0,0,1,28.0
Guyana,1987,0,1,1,0,0,1,56.0
Guyana,1988,0,0,1,0,0,1,28.0
Guyana,1989,0,1,1,0,0,1,56.0
Guyana,1990,0,0,1,0,0,1,28.0
Guyana,1991,0,1,1,0,0,1,56.0
Guyana,1992,0,0,1,0,0,1,28.0
Guyana,1993,1,0,1,0,0,1,52.0
Guyana,1994,0,0,1,0,0,1,28.0
Guyana,1995,0,0,1,0,0,1,28.0
Guyana,1996,0,0,1,0,0,1,28.0
Guyana,1997,0,0,1,0,0,1,28.0
Guyana,1998,0,0,1,0,0,1,28.0
Guyana,1999,0,0,1,0,0,1,28.0
Guyana,2000,0,0,1,0,0,1,28.0
Guyana,2001,0,0,1,0,0,1,28.0
Guyana,2002,0,0,1,0,0,1,28.0
Guyana,2003,0,0,1,0,0,1,28.0
Guyana,2004,0,0,1,0,0,1,28.0
Guyana,2005,0,0,1,0,0,1,28.0
Guyana,2006,0,0,1,0,0,1,28.0
Guyana,2007,0,0,1,0,0,1,28.0
Guyana,2008,0,0,1,0,0,1,28.0
Guyana,2009,0,0,1,0,0,1,28.0
Guyana,2010,0,0,1,0,0,1,28.0
Guyana,2011,0,0,1,0,0,1,28.0
Guyana,2012,0,0,1,0,0,1,28.0
Guyana,2013,0,0,1,0,0,1,28.0
Guyana,2014,0,0,1,0,0,1,28.0
Guyana,2015,0,0,1,0,0,1,28.0
Guyana,2016,0,0,1,0,0,1,28.0
Guyana,2017,0,0,1,0,0,1,28.0
Guyana,2018,0,0,1,0,0,1,28.0
Guyana,2019,0,0,0,0,0,0,0.0
Haiti,1950,0,0,0,0,0,0,0.0
Haiti,1951,0,0,0,0,0,0,0.0
Haiti,1952,0,0,0,0,0,0,0.0
Haiti,1953,0,0,0,0,0,0,0.0
Haiti,1954,0,0,0,0,0,0,0.0
Haiti,1955,0,0,0,0,0,0,0.0
Haiti,1956,0,0,0,0,0,0,0.0
Haiti,1957,0,0,0,0,0,0,0.0
Haiti,1958,0,0,0,0,0,0,0.0
Haiti,1959,0,0,0,0,0,0,0.0
Haiti,1960,0,0,0,0,0,0,0.0
Haiti,1961,0,0,0,0,0,0,0.0
Haiti,1962,0,0,0,0,0,0,0.0
Haiti,1963,0,0,1,0,0,1,28.0
Haiti,1964,0,0,1,0,0,1,28.0
Haiti,1965,0,0,1,0,0,1,28.0
Haiti,1966,0,0,0,0,0,0,0.0
Haiti,1967,0,0,0,0,0,0,0.0
Haiti,1968,0,0,1,0,0,1,28.0
Haiti,1969,0,0,1,0,0,1,28.0
Haiti,1970,0,0,1,0,0,1,28.0
Haiti,1971,0,0,1,0,0,1,28.0
Haiti,1972,0,0,1,0,0,1,28.0
Haiti,1973,0,0,0,0,0,0,0.0
Haiti,1974,0,0,0,0,0,0,0.0
Haiti,1975,0,0,0,0,0,0,0.0
Haiti,1976,0,0,0,0,0,0,0.0
Haiti,1977,0,0,0,0,0,0,0.0
Haiti,1978,0,0,0,0,0,0,0.0
Haiti,1979,0,0,0,0,0,0,0.0
Haiti,1980,0,0,0,0,0,0,0.0
Haiti,1981,0,0,0,0,0,0,0.0
Haiti,1982,0,0,0,0,0,0,0.0
Haiti,1983,0,0,0,0,0,0,0.0
Haiti,1984,0,0,0,0,0,0,0.0
Haiti,1985,0,0,1,0,0,1,28.0
Haiti,1986,0,0,1,0,0,1,28.0
Haiti,1987,0,0,1,0,0,1,28.0
Haiti,1988,0,0,1,0,0,1,28.0
Haiti,1989,0,0,1,0,0,1,28.0
Haiti,1990,0,0,1,0,0,1,28.0
Haiti,1991,0,1,1,0,0,1,56.0
Haiti,1992,0,1,1,0,0,1,56.0
Haiti,1993,0,0,1,0,0,1,28.0
Haiti,1994,1,0,1,0,0,1,52.0
Haiti,1995,1,0,1,0,0,1,52.0
Haiti,1996,1,0,0,0,0,1,24.0
Haiti,1997,1,0,0,0,0,1,24.0
Haiti,1998,1,0,0,0,0,1,24.0
Haiti,1999,0,0,0,0,0,0,0.0
Haiti,2000,0,0,0,0,0,0,0.0
Haiti,2001,0,0,0,0,0,0,0.0
Haiti,2002,0,1,0,0,0,1,28.0
Haiti,2003,0,1,0,0,0,1,28.0
Haiti,2004,0,0,0,0,0,0,0.0
Haiti,2005,0,0,0,0,0,0,0.0
Haiti,2006,0,0,0,0,0,0,0.0
Haiti,2007,0,0,0,0,0,0,0.0
Haiti,2008,0,0,0,0,0,0,0.0
Haiti,2009,0,0,0,0,0,0,0.0
Haiti,2010,0,0,0,0,0,0,0.0
Haiti,2011,0,0,0,0,0,0,0.0
Haiti,2012,0,0,0,0,0,0,0.0
Haiti,2013,0,0,0,0,0,0,0.0
Haiti,2014,0,0,0,0,0,0,0.0
Haiti,2015,0,0,0,0,0,0,0.0
Haiti,2016,0,0,0,0,0,0,0.0
Haiti,2017,0,0,0,0,0,0,0.0
Haiti,2018,0,0,0,0,0,0,0.0
Haiti,2019,0,1,0,0,0,1,28.0
Honduras,1950,0,0,0,0,0,0,0.0
Honduras,1951,0,0,0,0,0,0,0.0
Honduras,1952,0,0,0,0,0,0,0.0
Honduras,1953,0,0,0,0,0,0,0.0
Honduras,1954,0,0,0,0,0,0,0.0
Honduras,1955,0,0,0,0,0,0,0.0
Honduras,1956,0,0,0,0,0,0,0.0
Honduras,1957,0,0,0,0,0,0,0.0
Honduras,1958,0,0,0,0,0,0,0.0
Honduras,1959,0,0,0,0,0,0,0.0
Honduras,1960,0,0,0,0,0,0,0.0
Honduras,1961,0,0,0,0,0,0,0.0
Honduras,1962,0,0,0,0,0,0,0.0
Honduras,1963,0,0,0,0,0,0,0.0
Honduras,1964,0,0,0,0,0,0,0.0
Honduras,1965,0,0,0,0,0,0,0.0
Honduras,1966,0,0,0,0,0,0,0.0
Honduras,1967,0,0,0,0,0,0,0.0
Honduras,1968,0,0,0,0,0,0,0.0
Honduras,1969,0,0,0,0,0,0,0.0
Honduras,1970,0,0,0,0,0,0,0.0
Honduras,1971,0,0,0,0,0,0,0.0
Honduras,1972,0,0,0,0,0,0,0.0
Honduras,1973,0,0,0,0,0,0,0.0
Honduras,1974,0,0,0,0,0,0,0.0
Honduras,1975,0,0,0,0,0,0,0.0
Honduras,1976,0,0,0,0,0,0,0.0
Honduras,1977,0,0,0,0,0,0,0.0
Honduras,1978,0,0,0,0,0,0,0.0
Honduras,1979,0,0,0,0,0,0,0.0
Honduras,1980,0,0,0,0,0,0,0.0
Honduras,1981,0,0,0,0,0,0,0.0
Honduras,1982,0,0,1,0,0,1,28.0
Honduras,1983,0,0,1,0,0,1,28.0
Honduras,1984,0,0,1,0,0,1,28.0
Honduras,1985,0,0,1,0,0,1,28.0
Honduras,1986,0,0,1,0,0,1,28.0
Honduras,1987,0,0,1,0,0,1,28.0
Honduras,1988,0,0,1,0,0,1,28.0
Honduras,1989,0,0,1,0,0,1,28.0
Honduras,1990,0,1,1,0,0,1,56.0
Honduras,1991,0,0,1,0,0,1,28.0
Honduras,1992,0,0,1,0,0,1,28.0
Honduras,1993,0,0,1,0,0,1,28.0
Honduras,1994,0,0,1,0,0,1,28.0
Honduras,1995,0,0,1,0,0,1,28.0
Honduras,1996,0,0,1,0,0,1,28.0
Honduras,1997,0,0,1,0,0,1,28.0
Honduras,1998,0,0,1,0,0,1,28.0
Honduras,1999,0,0,1,0,0,1,28.0
Honduras,2000,0,0,1,0,0,1,28.0
Honduras,2001,0,0,1,0,0,1,28.0
Honduras,2002,0,0,1,0,0,1,28.0
Honduras,2003,0,0,1,0,0,1,28.0
Honduras,2004,0,0,1,0,0,1,28.0
Honduras,2005,0,0,1,0,0,1,28.0
Honduras,2006,0,0,1,0,0,1,28.0
Honduras,2007,0,0,1,0,0,1,28.0
Honduras,2008,0,0,0,0,0,0,0.0
Honduras,2009,0,0,0,0,0,0,0.0
Honduras,2010,0,0,0,0,0,0,0.0
Honduras,2011,0,0,0,0,0,0,0.0
Honduras,2012,0,0,0,0,0,0,0.0
Honduras,2013,0,0,0,0,0,0,0.0
Honduras,2014,0,0,0,0,0,0,0.0
Honduras,2015,0,0,0,0,0,0,0.0
Honduras,2016,0,0,0,0,0,0,0.0
Honduras,2017,0,0,0,0,0,0,0.0
Honduras,2018,0,0,0,0,0,0,0.0
Honduras,2019,0,0,0,0,0,0,0.0
Jamaica,1950,0,0,0,0,0,0,0.0
Jamaica,1951,0,0,0,0,0,0,0.0
Jamaica,1952,0,0,0,0,0,0,0.0
Jamaica,1953,0,0,0,0,0,0,0.0
Jamaica,1954,0,0,0,0,0,0,0.0
Jamaica,1955,0,0,0,0,0,0,0.0
Jamaica,1956,0,0,0,0,0,0,0.0
Jamaica,1957,0,0,0,0,0,0,0.0
Jamaica,1958,0,0,0,0,0,0,0.0
Jamaica,1959,0,0,0,0,0,0,0.0
Jamaica,1960,0,0,0,0,0,0,0.0
Jamaica,1961,0,0,0,0,0,0,0.0
Jamaica,1962,0,0,0,0,0,0,0.0
Jamaica,1963,0,0,0,0,0,0,0.0
Jamaica,1964,0,0,0,0,0,0,0.0
Jamaica,1965,0,0,0,0,0,0,0.0
Jamaica,1966,0,0,0,0,0,0,0.0
Jamaica,1967,0,0,0,0,0,0,0.0
Jamaica,1968,0,0,0,0,0,0,0.0
Jamaica,1969,0,0,0,0,0,0,0.0
Jamaica,1970,0,0,0,0,0,0,0.0
Jamaica,1971,0,0,0,0,0,0,0.0
Jamaica,1972,0,0,0,0,0,0,0.0
Jamaica,1973,0,0,0,0,0,0,0.0
Jamaica,1974,0,0,0,0,0,0,0.0
Jamaica,1975,0,0,0,0,0,0,0.0
Jamaica,1976,0,0,0,0,0,0,0.0
Jamaica,1977,0,0,0,0,0,0,0.0
Jamaica,1978,0,1,1,1,0,1,80.0
Jamaica,1979,0,0,1,0,0,1,28.0
Jamaica,1980,0,0,1,0,0,1,28.0
Jamaica,1981,0,0,1,0,0,1,28.0
Jamaica,1982,0,0,1,0,0,1,28.0
Jamaica,1983,0,1,1,0,0,1,56.0
Jamaica,1984,0,1,1,0,0,1,56.0
Jamaica,1985,0,0,1,0,0,1,28.0
Jamaica,1986,0,0,1,0,0,1,28.0
Jamaica,1987,0,0,1,0,0,1,28.0
Jamaica,1988,0,0,1,0,0,1,28.0
Jamaica,1989,0,0,1,0,0,1,28.0
Jamaica,1990,0,0,1,0,0,1,28.0
Jamaica,1991,0,1,1,0,0,1,56.0
Jamaica,1992,0,1,1,0,0,1,56.0
Jamaica,1993,0,1,1,0,0,1,56.0
Jamaica,1994,0,1,1,0,0,1,56.0
Jamaica,1995,0,0,1,0,0,1,28.0
Jamaica,1996,1,0,1,0,0,1,52.0
Jamaica,1997,1,0,1,0,0,1,52.0
Jamaica,1998,1,0,1,0,0,1,52.0
Jamaica,1999,0,0,1,0,0,1,28.0
Jamaica,2000,0,0,1,0,0,1,28.0
Jamaica,2001,0,0,1,0,0,1,28.0
Jamaica,2002,0,0,1,0,0,1,28.0
Jamaica,2003,0,0,1,0,0,1,28.0
Jamaica,2004,0,0,1,0,0,1,28.0
Jamaica,2005,0,0,1,0,0,1,28.0
Jamaica,2006,0,0,1,0,0,1,28.0
Jamaica,2007,0,0,1,0,0,1,28.0
Jamaica,2008,0,0,1,0,0,1,28.0
Jamaica,2009,0,0,1,0,0,1,28.0
Jamaica,2010,0,0,1,0,0,1,28.0
Jamaica,2011,0,0,1,0,0,1,28.0
Jamaica,2012,0,0,1,0,0,1,28.0
Jamaica,2013,0,0,1,0,0,1,28.0
Jamaica,2014,0,0,0,0,0,0,0.0
Jamaica,2015,0,0,0,0,0,0,0.0
Jamaica,2016,0,0,0,0,0,0,0.0
Jamaica,2017,0,0,0,0,0,0,0.0
Jamaica,2018,0,0,0,0,0,0,0.0
Jamaica,2019,0,0,0,0,0,0,0.0
Mexico,1950,0,0,0,0,0,0,0.0
Mexico,1951,0,0,0,0,0,0,0.0
Mexico,1952,0,0,0,0,0,0,0.0
Mexico,1953,0,0,0,0,0,0,0.0
Mexico,1954,0,1,0,0,0,1,28.0
Mexico,1955,0,0,0,0,0,0,0.0
Mexico,1956,0,0,0,0,0,0,0.0
Mexico,1957,0,0,0,0,0,0,0.0
Mexico,1958,0,0,0,0,0,0,0.0
Mexico,1959,0,0,0,0,0,0,0.0
Mexico,1960,0,0,0,0,0,0,0.0
Mexico,1961,0,0,0,0,0,0,0.0
Mexico,1962,0,0,0,0,0,0,0.0
Mexico,1963,0,0,0,0,0,0,0.0
Mexico,1964,0,0,0,0,0,0,0.0
Mexico,1965,0,0,0,0,0,0,0.0
Mexico,1966,0,0,0,0,0,0,0.0
Mexico,1967,0,0,0,0,0,0,0.0
Mexico,1968,0,0,0,0,0,0,0.0
Mexico,1969,0,0,0,0,0,0,0.0
Mexico,1970,0,0,0,0,0,0,0.0
Mexico,1971,0,0,0,0,0,0,0.0
Mexico,1972,0,0,0,0,0,0,0.0
Mexico,1973,0,0,0,0,0,0,0.0
Mexico,1974,0,0,0,0,0,0,0.0
Mexico,1975,0,0,0,0,0,0,0.0
Mexico,1976,0,1,0,0,0,1,28.0
Mexico,1977,0,1,0,0,0,1,28.0
Mexico,1978,0,0,0,0,0,0,0.0
Mexico,1979,0,0,0,0,0,0,0.0
Mexico,1980,0,0,0,0,0,0,0.0
Mexico,1981,1,0,0,0,1,1,56.0
Mexico,1982,1,1,1,0,1,1,112.0
Mexico,1983,1,0,1,0,0,1,52.0
Mexico,1984,1,0,1,0,0,1,52.0
Mexico,1985,1,1,1,0,0,1,80.0
Mexico,1986,0,1,1,0,0,1,56.0
Mexico,1987,0,0,1,0,0,1,28.0
Mexico,1988,0,0,1,0,0,1,28.0
Mexico,1989,0,0,1,0,0,1,28.0
Mexico,1990,0,0,1,0,0,1,28.0
Mexico,1991,0,0,0,0,0,0,0.0
Mexico,1992,0,0,0,0,0,0,0.0
Mexico,1993,0,0,0,0,0,0,0.0
Mexico,1994,1,1,0,1,0,1,76.0
Mexico,1995,1,1,0,1,0,1,76.0
Mexico,1996,1,0,0,0,0,1,24.0
Mexico,1997,0,0,0,0,0,0,0.0
Mexico,1998,0,0,0,0,0,0,0.0
Mexico,1999,0,0,0,0,0,0,0.0
Mexico,2000,0,0,0,0,0,0,0.0
Mexico,2001,0,0,0,0,0,0,0.0
Mexico,2002,0,0,0,0,0,0,0.0
Mexico,2003,0,0,0,0,0,0,0.0
Mexico,2004,0,0,0,0,0,0,0.0
Mexico,2005,0,0,0,0,0,0,0.0
Mexico,2006,0,0,0,0,0,0,0.0
Mexico,2007,0,0,0,0,0,0,0.0
Mexico,2008,0,0,0,0,0,0,0.0
Mexico,2009,0,0,0,0,0,0,0.0
Mexico,2010,0,0,0,0,0,0,0.0
Mexico,2011,0,0,0,0,0,0,0.0
Mexico,2012,0,0,0,0,0,0,0.0
Mexico,2013,0,0,0,0,0,0,0.0
Mexico,2014,0,0,0,0,0,0,0.0
Mexico,2015,0,0,0,0,0,0,0.0
Mexico,2016,0,0,0,0,0,0,0.0
Mexico,2017,0,0,0,0,0,0,0.0
Mexico,2018,0,0,0,0,0,0,0.0
Mexico,2019,0,0,0,0,0,0,0.0
Nicaragua,1950,0,0,0,0,0,0,0.0
Nicaragua,1951,0,0,0,0,0,0,0.0
Nicaragua,1952,0,0,0,0,0,0,0.0
Nicaragua,1953,0,0,0,0,0,0,0.0
Nicaragua,1954,0,0,0,0,0,0,0.0
Nicaragua,1955,0,0,0,0,0,0,0.0
Nicaragua,1956,0,0,0,0,0,0,0.0
Nicaragua,1957,0,0,0,0,0,0,0.0
Nicaragua,1958,0,0,0,0,0,0,0.0
Nicaragua,1959,0,0,0,0,0,0,0.0
Nicaragua,1960,0,0,0,0,0,0,0.0
Nicaragua,1961,0,0,0,0,0,0,0.0
Nicaragua,1962,0,0,0,0,0,0,0.0
Nicaragua,1963,0,0,0,0,0,0,0.0
Nicaragua,1964,0,0,0,0,0,0,0.0
Nicaragua,1965,0,0,0,0,0,0,0.0
Nicaragua,1966,0,0,0,0,0,0,0.0
Nicaragua,1967,0,0,0,0,0,0,0.0
Nicaragua,1968,0,0,0,0,0,0,0.0
Nicaragua,1969,0,0,0,0,0,0,0.0
Nicaragua,1970,0,0,0,0,0,0,0.0
Nicaragua,1971,0,0,0,0,0,0,0.0
Nicaragua,1972,0,0,0,0,0,0,0.0
Nicaragua,1973,0,0,0,0,0,0,0.0
Nicaragua,1974,0,0,0,0,0,0,0.0
Nicaragua,1975,0,0,0,0,0,0,0.0
Nicaragua,1976,0,0,0,0,0,0,0.0
Nicaragua,1977,0,0,0,0,0,0,0.0
Nicaragua,1978,0,0,1,1,0,1,52.0
Nicaragua,1979,0,1,1,1,0,1,80.0
Nicaragua,1980,0,0,1,0,0,1,28.0
Nicaragua,1981,0,0,1,0,0,1,28.0
Nicaragua,1982,0,0,1,0,0,1,28.0
Nicaragua,1983,0,0,1,0,0,1,28.0
Nicaragua,1984,0,0,1,0,0,1,28.0
Nicaragua,1985,0,1,1,0,0,1,56.0
Nicaragua,1986,0,0,1,0,0,1,28.0
Nicaragua,1987,0,0,1,0,0,1,28.0
Nicaragua,1988,0,1,1,0,0,1,56.0
Nicaragua,1989,0,0,1,0,0,1,28.0
Nicaragua,1990,1,1,1,1,0,1,104.0
Nicaragua,1991,1,0,1,0,0,1,52.0
Nicaragua,1992,1,0,1,0,0,1,52.0
Nicaragua,1993,1,0,1,0,0,1,52.0
Nicaragua,1994,0,0,1,0,0,1,28.0
Nicaragua,1995,0,0,1,0,0,1,28.0
Nicaragua,1996,0,0,1,0,0,1,28.0
Nicaragua,1997,0,0,1,0,0,1,28.0
Nicaragua,1998,0,0,1,0,0,1,28.0
Nicaragua,1999,0,0,1,0,0,1,28.0
Nicaragua,2000,1,0,1,0,0,1,52.0
Nicaragua,2001,1,0,1,0,0,1,52.0
Nicaragua,2002,0,0,1,0,0,1,28.0
Nicaragua,2003,0,0,1,0,0,1,28.0
Nicaragua,2004,0,0,1,0,0,1,28.0
Nicaragua,2005,0,0,1,0,0,1,28.0
Nicaragua,2006,0,0,1,0,0,1,28.0
Nicaragua,2007,0,0,1,0,0,1,28.0
Nicaragua,2008,0,0,1,0,0,1,28.0
Nicaragua,2009,0,0,1,0,0,1,28.0
Nicaragua,2010,0,0,1,0,0,1,28.0
Nicaragua,2011,0,0,1,0,0,1,28.0
Nicaragua,2012,0,0,1,0,0,1,28.0
Nicaragua,2013,0,0,1,0,0,1,28.0
Nicaragua,2014,0,0,1,0,0,1,28.0
Nicaragua,2015,0,0,1,0,0,1,28.0
Nicaragua,2016,0,0,1,0,0,1,28.0
Nicaragua,2017,0,0,1,0,0,1,28.0
Nicaragua,2018,0,0,1,0,0,1,28.0
Nicaragua,2019,0,0,0,0,0,0,0.0
Panama,1950,0,0,0,0,0,0,0.0
Panama,1951,0,0,0,0,0,0,0.0
Panama,1952,0,0,0,0,0,0,0.0
Panama,1953,0,0,0,0,0,0,0.0
Panama,1954,0,0,0,0,0,0,0.0
Panama,1955,0,0,0,0,0,0,0.0
Panama,1956,0,0,0,0,0,0,0.0
Panama,1957,0,0,0,0,0,0,0.0
Panama,1958,0,0,0,0,0,0,0.0
Panama,1959,0,0,0,0,0,0,0.0
Panama,1960,0,0,0,0,0,0,0.0
Panama,1961,0,0,0,0,0,0,0.0
Panama,1962,0,0,0,0,0,0,0.0
Panama,1963,0,0,0,0,0,0,0.0
Panama,1964,0,0,0,0,0,0,0.0
Panama,1965,0,0,0,0,0,0,0.0
Panama,1966,0,0,0,0,0,0,0.0
Panama,1967,0,0,0,0,0,0,0.0
Panama,1968,0,0,0,0,0,0,0.0
Panama,1969,0,0,0,0,0,0,0.0
Panama,1970,0,0,0,0,0,0,0.0
Panama,1971,0,0,0,0,0,0,0.0
Panama,1972,0,0,0,0,0,0,0.0
Panama,1973,0,0,0,0,0,0,0.0
Panama,1974,0,0,0,0,0,0,0.0
Panama,1975,0,0,0,0,0,0,0.0
Panama,1976,0,0,0,0,0,0,0.0
Panama,1977,0,0,0,0,0,0,0.0
Panama,1978,0,0,0,0,0,0,0.0
Panama,1979,0,0,0,0,0,0,0.0
Panama,1980,0,0,0,0,0,0,0.0
Panama,1981,0,0,0,0,0,0,0.0
Panama,1982,0,0,0,0,0,0,0.0
Panama,1983,0,0,1,0,0,1,28.0
Panama,1984,0,0,1,0,0,1,28.0
Panama,1985,0,0,1,0,0,1,28.0
Panama,1986,0,0,1,0,0,1,28.0
Panama,1987,0,0,1,0,0,1,28.0
Panama,1988,1,0,1,0,0,1,52.0
Panama,1989,1,0,1,0,0,1,52.0
Panama,1990,0,0,1,0,0,1,28.0
Panama,1991,0,0,1,0,0,1,28.0
Panama,1992,0,0,1,0,0,1,28.0
Panama,1993,0,0,1,0,0,1,28.0
Panama,1994,0,0,1,0,0,1,28.0
Panama,1995,0,0,1,0,0,1,28.0
Panama,1996,0,0,1,0,0,1,28.0
Panama,1997,0,0,1,0,0,1,28.0
Panama,1998,0,0,1,0,0,1,28.0
Panama,1999,0,0,1,0,0,1,28.0
Panama,2000,0,0,1,0,0,1,28.0
Panama,2001,0,0,1,0,0,1,28.0
Panama,2002,0,0,1,0,0,1,28.0
Panama,2003,0,0,1,0,0,1,28.0
Panama,2004,0,0,0,0,0,0,0.0
Panama,2005,0,0,0,0,0,0,0.0
Panama,2006,0,0,0,0,0,0,0.0
Panama,2007,0,0,0,0,0,0,0.0
Panama,2008,0,0,0,0,0,0,0.0
Panama,2009,0,0,0,0,0,0,0.0
Panama,2010,0,0,0,0,0,0,0.0
Panama,2011,0,0,0,0,0,0,0.0
Panama,2012,0,0,0,0,0,0,0.0
Panama,2013,0,0,0,0,0,0,0.0
Panama,2014,0,0,0,0,0,0,0.0
Panama,2015,0,0,0,0,0,0,0.0
Panama,2016,0,0,0,0,0,0,0.0
Panama,2017,0,0,0,0,0,0,0.0
Panama,2018,0,0,0,0,0,0,0.0
Panama,2019,0,0,0,0,0,0,0.0
Paraguay,1950,0,0,0,0,0,0,0.0
Paraguay,1951,0,0,0,0,0,0,0.0
Paraguay,1952,0,1,0,0,0,1,28.0
Paraguay,1953,0,1,0,0,0,1,28.0
Paraguay,1954,0,0,0,0,0,0,0.0
Paraguay,1955,0,1,0,0,0,1,28.0
Paraguay,1956,0,1,0,0,0,1,28.0
Paraguay,1957,0,0,0,0,0,0,0.0
Paraguay,1958,0,0,0,0,0,0,0.0
Paraguay,1959,0,0,0,0,0,0,0.0
Paraguay,1960,0,0,0,0,0,0,0.0
Paraguay,1961,0,0,0,0,0,0,0.0
Paraguay,1962,0,0,0,0,0,0,0.0
Paraguay,1963,0,0,0,0,0,0,0.0
Paraguay,1964,0,0,0,0,0,0,0.0
Paraguay,1965,0,0,0,0,0,0,0.0
Paraguay,1966,0,0,0,0,0,0,0.0
Paraguay,1967,0,0,0,0,0,0,0.0
Paraguay,1968,0,0,0,0,0,0,0.0
Paraguay,1969,0,0,0,0,0,0,0.0
Paraguay,1970,0,0,0,0,0,0,0.0
Paraguay,1971,0,0,0,0,0,0,0.0
Paraguay,1972,0,0,0,0,0,0,0.0
Paraguay,1973,0,0,0,0,0,0,0.0
Paraguay,1974,0,0,0,0,0,0,0.0
Paraguay,1975,0,0,0,0,0,0,0.0
Paraguay,1976,0,0,0,0,0,0,0.0
Paraguay,1977,0,0,0,0,0,0,0.0
Paraguay,1978,0,0,0,0,0,0,0.0
Paraguay,1979,0,0,0,0,0,0,0.0
Paraguay,1980,0,0,0,0,0,0,0.0
Paraguay,1981,0,0,0,0,0,0,0.0
Paraguay,1982,0,0,0,0,0,0,0.0
Paraguay,1983,0,0,0,0,0,0,0.0
Paraguay,1984,0,1,0,1,0,1,52.0
Paraguay,1985,0,0,1,1,0,1,52.0
Paraguay,1986,0,1,1,1,0,1,80.0
Paraguay,1987,0,1,1,1,0,1,80.0
Paraguay,1988,0,0,1,0,0,1,28.0
Paraguay,1989,0,1,1,0,0,1,56.0
Paraguay,1990,0,0,1,0,0,1,28.0
Paraguay,1991,0,0,1,0,0,1,28.0
Paraguay,1992,0,0,1,0,0,1,28.0
Paraguay,1993,0,0,1,0,0,1,28.0
Paraguay,1994,0,0,1,0,0,1,28.0
Paraguay,1995,1,0,0,0,0,1,24.0
Paraguay,1996,0,0,0,0,0,0,0.0
Paraguay,1997,0,0,0,0,0,0,0.0
Paraguay,1998,0,0,0,0,0,0,0.0
Paraguay,1999,0,0,0,0,0,0,0.0
Paraguay,2000,0,0,0,0,0,0,0.0
Paraguay,2001,0,1,0,0,0,1,28.0
Paraguay,2002,0,1,0,0,0,1,28.0
Paraguay,2003,0,0,0,0,0,0,0.0
Paraguay,2004,0,0,0,0,0,0,0.0
Paraguay,2005,0,0,0,0,0,0,0.0
Paraguay,2006,0,0,0,0,0,0,0.0
Paraguay,2007,0,0,0,0,0,0,0.0
Paraguay,2008,0,0,0,0,0,0,0.0
Paraguay,2009,0,0,0,0,0,0,0.0
Paraguay,2010,0,0,0,0,0,0,0.0
Paraguay,2011,0,0,0,0,0,0,0.0
Paraguay,2012,0,0,0,0,0,0,0.0
Paraguay,2013,0,0,0,0,0,0,0.0
Paraguay,2014,0,0,0,0,0,0,0.0
Paraguay,2015,0,0,0,0,0,0,0.0
Paraguay,2016,0,0,0,0,0,0,0.0
Paraguay,2017,0,0,0,0,0,0,0.0
Paraguay,2018,0,0,0,0,0,0,0.0
Paraguay,2019,0,0,0,0,0,0,0.0
Peru,1950,0,0,0,0,0,0,0.0
Peru,1951,0,0,0,0,0,0,0.0
Peru,1952,0,0,0,0,0,0,0.0
Peru,1953,0,0,0,0,0,0,0.0
Peru,1954,0,0,0,0,0,0,0.0
Peru,1955,0,0,0,0,0,0,0.0
Peru,1956,0,0,0,0,0,0,0.0
Peru,1957,0,0,0,0,0,0,0.0
Peru,1958,0,0,0,0,0,0,0.0
Peru,1959,0,0,0,0,0,0,0.0
Peru,1960,0,0,0,0,0,0,0.0
Peru,1961,0,0,0,0,0,0,0.0
Peru,1962,0,0,0,0,0,0,0.0
Peru,1963,0,0,0,0,0,0,0.0
Peru,1964,0,0,0,0,0,0,0.0
Peru,1965,0,0,0,0,0,0,0.0
Peru,1966,0,0,0,0,0,0,0.0
Peru,1967,0,1,0,0,0,1,28.0
Peru,1968,0,0,1,0,0,1,28.0
Peru,1969,0,0,1,0,0,1,28.0
Peru,1970,0,0,1,0,0,1,28.0
Peru,1971,0,0,0,0,0,0,0.0
Peru,1972,0,0,0,0,0,0,0.0
Peru,1973,0,0,0,0,0,0,0.0
Peru,1974,0,0,0,0,0,0,0.0
Peru,1975,0,0,0,0,0,0,0.0
Peru,1976,0,1,0,0,0,1,28.0
Peru,1977,0,1,0,0,0,1,28.0
Peru,1978,0,1,1,0,0,1,56.0
Peru,1979,0,0,1,0,0,1,28.0
Peru,1980,0,0,1,0,0,1,28.0
Peru,1981,0,1,0,0,0,1,28.0
Peru,1982,0,1,0,0,0,1,28.0
Peru,1983,1,1,1,1,0,1,104.0
Peru,1984,0,1,1,0,0,1,56.0
Peru,1985,0,1,1,0,0,1,56.0
Peru,1986,0,0,1,0,0,1,28.0
Peru,1987,0,1,1,0,0,1,56.0
Peru,1988,0,1,1,0,0,1,56.0
Peru,1989,0,1,1,0,0,1,56.0
Peru,1990,0,1,1,0,0,1,56.0
Peru,1991,0,0,1,0,0,1,28.0
Peru,1992,0,0,1,0,0,1,28.0
Peru,1993,0,0,1,0,0,1,28.0
Peru,1994,0,0,1,0,0,1,28.0
Peru,1995,0,0,1,0,0,1,28.0
Peru,1996,0,0,1,0,0,1,28.0
Peru,1997,0,0,1,0,0,1,28.0
Peru,1998,0,0,1,0,0,1,28.0
Peru,1999,0,0,0,0,0,0,0.0
Peru,2000,0,0,0,0,0,0,0.0
Peru,2001,0,0,0,0,0,0,0.0
Peru,2002,0,0,0,0,0,0,0.0
Peru,2003,0,0,0,0,0,0,0.0
Peru,2004,0,0,0,0,0,0,0.0
Peru,2005,0,0,0,0,0,0,0.0
Peru,2006,0,0,0,0,0,0,0.0
Peru,2007,0,0,0,0,0,0,0.0
Peru,2008,0,0,0,0,0,0,0.0
Peru,2009,0,0,0,0,0,0,0.0
Peru,2010,0,0,0,0,0,0,0.0
Peru,2011,0,0,0,0,0,0,0.0
Peru,2012,0,0,0,0,0,0,0.0
Peru,2013,0,0,0,0,0,0,0.0
Peru,2014,0,0,0,0,0,0,0.0
Peru,2015,0,0,0,0,0,0,0.0
Peru,2016,0,0,0,0,0,0,0.0
Peru,2017,0,0,0,0,0,0,0.0
Peru,2018,0,0,0,0,0,0,0.0
Peru,2019,0,0,0,0,0,0,0.0
Suriname,1950,0,0,0,0,0,0,0.0
Suriname,1951,0,0,0,0,0,0,0.0
Suriname,1952,0,0,0,0,0,0,0.0
Suriname,1953,0,0,0,0,0,0,0.0
Suriname,1954,0,0,0,0,0,0,0.0
Suriname,1955,0,0,0,0,0,0,0.0
Suriname,1956,0,0,0,0,0,0,0.0
Suriname,1957,0,0,0,0,0,0,0.0
Suriname,1958,0,0,0,0,0,0,0.0
Suriname,1959,0,0,0,0,0,0,0.0
Suriname,1960,0,0,0,0,0,0,0.0
Suriname,1961,0,0,0,0,0,0,0.0
Suriname,1962,0,0,0,0,0,0,0.0
Suriname,1963,0,0,0,0,0,0,0.0
Suriname,1964,0,0,0,0,0,0,0.0
Suriname,1965,0,0,0,0,0,0,0.0
Suriname,1966,0,0,0,0,0,0,0.0
Suriname,1967,0,0,0,0,0,0,0.0
Suriname,1968,0,0,0,0,0,0,0.0
Suriname,1969,0,0,0,0,0,0,0.0
Suriname,1970,0,0,0,0,0,0,0.0
Suriname,1971,0,0,0,0,0,0,0.0
Suriname,1972,0,0,0,0,0,0,0.0
Suriname,1973,0,0,0,0,0,0,0.0
Suriname,1974,0,0,0,0,0,0,0.0
Suriname,1975,0,0,0,0,0,0,0.0
Suriname,1976,0,0,0,0,0,0,0.0
Suriname,1977,0,0,0,0,0,0,0.0
Suriname,1978,0,0,0,0,0,0,0.0
Suriname,1979,0,0,0,0,0,0,0.0
Suriname,1980,0,0,0,0,0,0,0.0
Suriname,1981,0,0,0,0,0,0,0.0
Suriname,1982,0,0,0,0,0,0,0.0
Suriname,1983,0,0,0,0,0,0,0.0
Suriname,1984,0,0,0,0,0,0,0.0
Suriname,1985,0,0,0,0,0,0,0.0
Suriname,1986,0,0,0,0,0,0,0.0
Suriname,1987,0,0,0,0,0,0,0.0
Suriname,1988,0,0,0,0,0,0,0.0
Suriname,1989,0,0,0,0,0,0,0.0
Suriname,1990,0,0,0,0,0,0,0.0
Suriname,1991,0,0,0,0,0,0,0.0
Suriname,1992,0,0,0,0,0,0,0.0
Suriname,1993,0,0,0,0,0,0,0.0
Suriname,1994,0,1,0,0,0,1,28.0
Suriname,1995,0,0,0,0,0,0,0.0
Suriname,1996,0,0,0,0,0,0,0.0
Suriname,1997,0,0,0,0,0,0,0.0
Suriname,1998,0,0,1,1,0,1,52.0
Suriname,1999,0,1,1,1,0,1,80.0
Suriname,2000,0,0,1,0,0,1,28.0
Suriname,2001,0,0,1,0,0,1,28.0
Suriname,2002,0,0,1,0,0,1,28.0
Suriname,2003,0,0,1,0,0,1,28.0
Suriname,2004,0,0,1,0,0,1,28.0
Suriname,2005,0,0,1,0,0,1,28.0
Suriname,2006,0,0,1,0,0,1,28.0
Suriname,2007,0,0,1,0,0,1,28.0
Suriname,2008,0,0,1,0,0,1,28.0
Suriname,2009,0,0,1,0,0,1,28.0
Suriname,2010,0,0,1,0,0,1,28.0
Suriname,2011,0,0,0,0,0,0,0.0
Suriname,2012,0,0,0,0,0,0,0.0
Suriname,2013,0,0,0,0,0,0,0.0
Suriname,2014,0,0,0,0,0,0,0.0
Suriname,2015,0,0,0,0,0,0,0.0
Suriname,2016,0,1,0,0,0,1,28.0
Suriname,2017,0,0,0,0,0,0,0.0
Suriname,2018,0,0,0,0,0,0,0.0
Suriname,2019,0,0,0,0,0,0,0.0
Trinidad and Tobago,1950,0,0,0,0,0,0,0.0
Trinidad and Tobago,1951,0,0,0,0,0,0,0.0
Trinidad and Tobago,1952,0,0,0,0,0,0,0.0
Trinidad and Tobago,1953,0,0,0,0,0,0,0.0
Trinidad and Tobago,1954,0,0,0,0,0,0,0.0
Trinidad and Tobago,1955,0,0,0,0,0,0,0.0
Trinidad and Tobago,1956,0,0,0,0,0,0,0.0
Trinidad and Tobago,1957,0,0,0,0,0,0,0.0
Trinidad and Tobago,1958,0,0,0,0,0,0,0.0
Trinidad and Tobago,1959,0,0,0,0,0,0,0.0
Trinidad and Tobago,1960,0,0,0,0,0,0,0.0
Trinidad and Tobago,1961,0,0,0,0,0,0,0.0
Trinidad and Tobago,1962,0,0,0,0,0,0,0.0
Trinidad and Tobago,1963,0,0,0,0,0,0,0.0
Trinidad and Tobago,1964,0,0,0,0,0,0,0.0
Trinidad and Tobago,1965,0,0,0,0,0,0,0.0
Trinidad and Tobago,1966,0,0,0,0,0,0,0.0
Trinidad and Tobago,1967,0,0,0,0,0,0,0.0
Trinidad and Tobago,1968,0,0,0,0,0,0,0.0
Trinidad and Tobago,1969,0,0,0,0,0,0,0.0
Trinidad and Tobago,1970,0,0,0,0,0,0,0.0
Trinidad and Tobago,1971,0,0,0,0,0,0,0.0
Trinidad and Tobago,1972,0,0,0,0,0,0,0.0
Trinidad and Tobago,1973,0,0,0,0,0,0,0.0
Trinidad and Tobago,1974,0,0,0,0,0,0,0.0
Trinidad and Tobago,1975,0,0,0,0,0,0,0.0
Trinidad and Tobago,1976,0,0,0,0,0,0,0.0
Trinidad and Tobago,1977,0,0,0,0,0,0,0.0
Trinidad and Tobago,1978,0,0,0,0,0,0,0.0
Trinidad and Tobago,1979,0,0,0,0,0,0,0.0
Trinidad and Tobago,1980,0,0,0,0,0,0,0.0
Trinidad and Tobago,1981,0,0,0,0,0,0,0.0
Trinidad and Tobago,1982,0,0,0,0,0,0,0.0
Trinidad and Tobago,1983,0,0,0,0,0,0,0.0
Trinidad and Tobago,1984,0,0,0,0,0,0,0.0
Trinidad and Tobago,1985,0,1,0,0,0,1,28.0
Trinidad and Tobago,1986,0,1,0,0,0,1,28.0
Trinidad and Tobago,1987,0,0,0,0,0,0,0.0
Trinidad and Tobago,1988,0,0,1,0,0,1,28.0
Trinidad and Tobago,1989,0,0,1,0,0,1,28.0
Trinidad and Tobago,1990,0,0,1,0,0,1,28.0
Trinidad and Tobago,1991,0,0,0,0,0,0,0.0
Trinidad and Tobago,1992,0,0,0,0,0,0,0.0
Trinidad and Tobago,1993,0,1,0,0,0,1,28.0
Trinidad and Tobago,1994,0,0,0,0,0,0,0.0
Trinidad and Tobago,1995,0,0,0,0,0,0,0.0
Trinidad and Tobago,1996,0,0,0,0,0,0,0.0
Trinidad and Tobago,1997,0,0,0,0,0,0,0.0
Trinidad and Tobago,1998,0,0,0,0,0,0,0.0
Trinidad and Tobago,1999,0,0,0,0,0,0,0.0
Trinidad and Tobago,2000,0,0,0,0,0,0,0.0
Trinidad and Tobago,2001,0,0,0,0,0,0,0.0
Trinidad and Tobago,2002,0,0,0,0,0,0,0.0
Trinidad and Tobago,2003,0,0,0,0,0,0,0.0
Trinidad and Tobago,2004,0,0,0,0,0,0,0.0
Trinidad and Tobago,2005,0,0,0,0,0,0,0.0
Trinidad and Tobago,2006,0,0,0,0,0,0,0.0
Trinidad and Tobago,2007,0,0,0,0,0,0,0.0
Trinidad and Tobago,2008,0,0,0,0,0,0,0.0
Trinidad and Tobago,2009,0,0,0,0,0,0,0.0
Trinidad and Tobago,2010,0,0,0,0,0,0,0.0
Trinidad and Tobago,2011,0,0,0,0,0,0,0.0
Trinidad and Tobago,2012,0,0,0,0,0,0,0.0
Trinidad and Tobago,2013,0,0,0,0,0,0,0.0
Trinidad and Tobago,2014,0,0,0,0,0,0,0.0
Trinidad and Tobago,2015,0,0,0,0,0,0,0.0
Trinidad and Tobago,2016,0,0,0,0,0,0,0.0
Trinidad and Tobago,2017,0,0,0,0,0,0,0.0
Trinidad and Tobago,2018,0,0,0,0,0,0,0.0
Trinidad and Tobago,2019,0,0,0,0,0,0,0.0
Uruguay,1950,0,0,0,0,0,0,0.0
Uruguay,1951,0,0,0,0,0,0,0.0
Uruguay,1952,0,0,0,0,0,0,0.0
Uruguay,1953,0,0,0,0,0,0,0.0
Uruguay,1954,0,0,0,0,0,0,0.0
Uruguay,1955,0,0,0,0,0,0,0.0
Uruguay,1956,0,0,0,0,0,0,0.0
Uruguay,1957,0,1,0,0,0,1,28.0
Uruguay,1958,0,0,0,0,0,0,0.0
Uruguay,1959,0,0,0,0,0,0,0.0
Uruguay,1960,0,0,0,0,0,0,0.0
Uruguay,1961,0,0,0,0,0,0,0.0
Uruguay,1962,0,0,0,0,0,0,0.0
Uruguay,1963,0,1,0,0,0,1,28.0
Uruguay,1964,0,0,0,0,0,0,0.0
Uruguay,1965,0,1,1,0,0,1,56.0
Uruguay,1966,0,0,0,0,0,0,0.0
Uruguay,1967,0,1,0,0,0,1,28.0
Uruguay,1968,0,1,0,0,0,1,28.0
Uruguay,1969,0,0,0,0,0,0,0.0
Uruguay,1970,0,0,0,0,0,0,0.0
Uruguay,1971,0,0,0,0,0,0,0.0
Uruguay,1972,0,1,0,0,0,1,28.0
Uruguay,1973,0,0,0,0,0,0,0.0
Uruguay,1974,0,1,0,0,0,1,28.0
Uruguay,1975,0,1,0,0,0,1,28.0
Uruguay,1976,0,0,0,0,0,0,0.0
Uruguay,1977,0,0,0,0,0,0,0.0
Uruguay,1978,0,0,0,0,0,0,0.0
Uruguay,1979,0,0,0,0,0,0,0.0
Uruguay,1980,0,0,0,0,0,0,0.0
Uruguay,1981,1,0,0,0,1,1,56.0
Uruguay,1982,1,1,0,0,1,1,84.0
Uruguay,1983,1,1,1,0,1,1,112.0
Uruguay,1984,1,1,1,0,1,1,112.0
Uruguay,1985,1,1,1,0,1,1,112.0
Uruguay,1986,0,0,1,0,0,1,28.0
Uruguay,1987,0,1,0,1,0,1,52.0
Uruguay,1988,0,1,1,1,0,1,80.0
Uruguay,1989,0,1,0,0,0,1,28.0
Uruguay,1990,0,1,1,0,0,1,56.0
Uruguay,1991,0,0,1,0,0,1,28.0
Uruguay,1992,0,0,0,0,0,0,0.0
Uruguay,1993,0,0,0,0,0,0,0.0
Uruguay,1994,0,0,0,0,0,0,0.0
Uruguay,1995,0,0,0,0,0,0,0.0
Uruguay,1996,0,0,0,0,0,0,0.0
Uruguay,1997,0,0,0,0,0,0,0.0
Uruguay,1998,0,0,0,0,0,0,0.0
Uruguay,1999,0,0,0,0,0,0,0.0
Uruguay,2000,0,0,0,0,0,0,0.0
Uruguay,2001,0,0,0,0,0,0,0.0
Uruguay,2002,1,1,0,0,1,1,84.0
Uruguay,2003,1,0,1,0,1,1,84.0
Uruguay,2004,1,0,0,0,0,1,24.0
Uruguay,2005,1,0,0,0,0,1,24.0
Uruguay,2006,0,0,0,0,0,0,0.0
Uruguay,2007,0,0,0,0,0,0,0.0
Uruguay,2008,0,0,0,0,0,0,0.0
Uruguay,2009,0,0,0,0,0,0,0.0
Uruguay,2010,0,0,0,0,0,0,0.0
Uruguay,2011,0,0,0,0,0,0,0.0
Uruguay,2012,0,0,0,0,0,0,0.0
Uruguay,2013,0,0,0,0,0,0,0.0
Uruguay,2014,0,0,0,0,0,0,0.0
Uruguay,2015,0,0,0,0,0,0,0.0
Uruguay,2016,0,0,0,0,0,0,0.0
Uruguay,2017,0,0,0,0,0,0,0.0
Uruguay,2018,0,0,0,0,0,0,0.0
Uruguay,2019,0,0,0,0,0,0,0.0
Venezuela,1950,0,0,0,0,0,0,0.0
Venezuela,1951,0,0,0,0,0,0,0.0
Venezuela,1952,0,0,0,0,0,0,0.0
Venezuela,1953,0,0,0,0,0,0,0.0
Venezuela,1954,0,0,0,0,0,0,0.0
Venezuela,1955,0,0,0,0,0,0,0.0
Venezuela,1956,0,0,0,0,0,0,0.0
Venezuela,1957,0,0,0,0,0,0,0.0
Venezuela,1958,0,0,0,0,0,0,0.0
Venezuela,1959,0,0,0,0,0,0,0.0
Venezuela,1960,0,0,0,0,0,0,0.0
Venezuela,1961,0,0,0,0,0,0,0.0
Venezuela,1962,0,0,0,0,0,0,0.0
Venezuela,1963,0,0,0,0,0,0,0.0
Venezuela,1964,0,1,0,0,0,1,28.0
Venezuela,1965,0,0,0,0,0,0,0.0
Venezuela,1966,0,0,0,0,0,0,0.0
Venezuela,1967,0,0,0,0,0,0,0.0
Venezuela,1968,0,0,0,0,0,0,0.0
Venezuela,1969,0,0,0,0,0,0,0.0
Venezuela,1970,0,0,0,0,0,0,0.0
Venezuela,1971,0,0,0,0,0,0,0.0
Venezuela,1972,0,0,0,0,0,0,0.0
Venezuela,1973,0,0,0,0,0,0,0.0
Venezuela,1974,0,0,0,0,0,0,0.0
Venezuela,1975,0,0,0,0,0,0,0.0
Venezuela,1976,0,0,0,0,0,0,0.0
Venezuela,1977,0,0,0,0,0,0,0.0
Venezuela,1978,0,0,0,0,0,0,0.0
Venezuela,1979,0,0,0,0,0,0,0.0
Venezuela,1980,0,0,0,0,0,0,0.0
Venezuela,1981,0,0,0,0,0,0,0.0
Venezuela,1982,0,0,0,0,0,0,0.0
Venezuela,1983,0,0,1,1,0,1,52.0
Venezuela,1984,0,1,1,1,0,1,80.0
Venezuela,1985,0,0,1,0,0,1,28.0
Venezuela,1986,0,1,1,0,0,1,56.0
Venezuela,1987,0,1,1,0,0,1,56.0
Venezuela,1988,0,0,1,0,0,1,28.0
Venezuela,1989,0,1,1,0,0,1,56.0
Venezuela,1990,0,0,1,0,0,1,28.0
Venezuela,1991,0,0,0,0,0,0,0.0
Venezuela,1992,0,0,1,0,1,1,60.0
Venezuela,1993,0,1,1,0,1,1,88.0
Venezuela,1994,1,1,1,0,1,1,112.0
Venezuela,1995,1,0,0,0,0,1,24.0
Venezuela,1996,1,1,0,0,0,1,52.0
Venezuela,1997,1,0,0,0,0,1,24.0
Venezuela,1998,1,0,0,0,0,1,24.0
Venezuela,1999,0,0,0,0,0,0,0.0
Venezuela,2000,0,0,0,0,0,0,0.0
Venezuela,2001,0,0,0,0,0,0,0.0
Venezuela,2002,0,1,0,0,0,1,28.0
Venezuela,2003,0,0,0,0,0,0,0.0
Venezuela,2004,0,0,0,0,0,0,0.0
Venezuela,2005,0,0,0,0,0,0,0.0
Venezuela,2006,0,0,0,0,0,0,0.0
Venezuela,2007,0,0,0,0,0,0,0.0
Venezuela,2008,0,0,0,0,0,0,0.0
Venezuela,2009,0,0,0,0,0,0,0.0
Venezuela,2010,0,0,0,0,0,0,0.0
Venezuela,2011,0,1,0,0,0,1,28.0
Venezuela,2012,0,0,0,0,0,0,0.0
Venezuela,2013,0,1,0,0,0,1,28.0
Venezuela,2014,0,0,0,0,0,0,0.0
Venezuela,2015,0,0,0,0,0,0,0.0
Venezuela,2016,0,1,0,0,0,1,28.0
Venezuela,2017,0,0,0,0,0,0,0.0
Venezuela,2018,0,0,0,0,0,0,0.0
Venezuela,2019,0,0,0,0,0,0,0.0
